datum;wahl;ags;gebiet-nr;gebiet-name;max-schnellmeldungen;anz-schnellmeldungen;A1;A2;A3;A;B;B1;C;D;E;F;D1;F1;D2;F2;D3;F3;D4;F4;D5;F5;D6;F6;D7;F7;D8;F8;D9;F9;D10;F10;D11;F11;D12;F12;D13;F13;D14;F14;D15;F15;D16;F16;D17;F17;D18;F18
23.02.2025;Bundestagswahl;14713000;0019;0019;1;1;712;502;0;1214;514;7;0;514;0;514;109;116;40;51;102;86;18;30;174;120;45;72;2;2;;2;4;3;;0;;3;1;0;;0;1;0;18;29;;;;;;
23.02.2025;Bundestagswahl;14713000;0109;0109;1;1;644;441;0;1085;513;8;2;511;1;512;71;76;44;59;82;68;10;24;212;140;63;94;3;3;;3;7;5;;0;;8;1;1;;0;1;1;17;30;;;;;;
23.02.2025;Bundestagswahl;14713000;0111;0111;1;1;617;430;0;1047;446;5;2;444;2;444;79;81;43;60;76;75;13;19;155;94;46;69;5;3;;3;4;4;;0;;2;0;0;;1;0;0;23;33;;;;;;
23.02.2025;Bundestagswahl;14713000;0119;0119;1;1;747;456;0;1203;585;6;1;584;1;584;112;116;59;75;108;95;27;39;185;111;51;85;9;7;;4;3;2;;3;;7;1;1;;0;2;2;27;37;;;;;;
23.02.2025;Bundestagswahl;14713000;0121;0121;1;1;660;523;0;1183;535;3;2;533;1;534;87;91;34;36;103;87;17;35;196;134;68;97;4;3;;3;4;5;;1;;9;0;0;;1;1;0;19;32;;;;;;
23.02.2025;Bundestagswahl;14713000;0201;0201;1;1;696;454;0;1150;562;6;7;555;4;558;93;93;40;72;66;70;12;13;272;167;48;96;2;4;;5;5;2;;1;;6;0;0;;0;0;0;17;29;;;;;;
23.02.2025;Bundestagswahl;14713000;0209;0209;1;1;782;533;0;1315;574;9;2;572;4;570;107;107;40;55;89;82;17;26;235;149;46;89;3;0;;6;10;5;;1;;6;0;0;;1;0;0;25;43;;;;;;
23.02.2025;Bundestagswahl;14713000;0212;0212;1;1;655;481;0;1136;487;3;4;483;2;485;77;74;33;38;73;66;14;31;191;144;58;78;3;0;;6;4;2;;1;;5;1;3;;0;0;0;29;37;;;;;;
23.02.2025;Bundestagswahl;14713000;0219;0219;1;1;777;646;0;1423;556;3;2;554;0;556;107;100;47;48;73;72;10;28;220;141;66;105;2;4;;2;3;4;;0;;12;1;2;;0;4;0;21;38;;;;;;
23.02.2025;Bundestagswahl;14713000;0220;0220;1;1;622;247;0;869;466;6;2;464;3;463;143;134;37;54;73;65;5;13;141;109;24;26;4;2;;8;5;2;;0;;2;1;1;;0;0;0;31;47;;;;;;
23.02.2025;Bundestagswahl;14713000;0230;0230;1;1;781;457;0;1238;575;3;8;567;8;567;122;120;50;76;76;77;9;19;227;158;34;48;4;2;;9;4;3;;0;;4;4;4;;0;0;0;37;47;;;;;;
23.02.2025;Bundestagswahl;14713000;0241;0241;1;1;610;442;0;1052;429;2;3;426;3;426;63;58;37;47;44;44;8;10;207;145;30;65;4;3;;8;7;4;;2;;4;1;1;;0;1;0;24;35;;;;;;
23.02.2025;Bundestagswahl;14713000;0249;0249;1;1;652;527;0;1179;535;8;1;534;1;534;66;71;33;41;61;53;12;22;277;190;49;106;5;3;;3;4;3;;0;;4;0;1;;0;0;0;27;37;;;;;;
23.02.2025;Bundestagswahl;14713000;0309;0309;1;1;632;534;0;1166;497;3;0;497;0;497;77;81;40;60;100;86;11;35;167;93;63;77;1;2;;2;1;0;;0;;6;3;1;;0;1;1;33;53;;;;;;
23.02.2025;Bundestagswahl;14713000;0311;0311;1;1;616;602;0;1218;530;6;3;527;1;529;79;86;34;60;76;67;12;23;234;132;62;117;1;2;;1;5;1;;3;;7;0;0;;1;2;1;22;28;;;;;;
23.02.2025;Bundestagswahl;14713000;0319;0319;1;1;816;504;0;1320;646;7;1;645;0;646;81;82;72;90;94;99;12;23;279;169;60;117;7;3;;11;9;1;;1;;5;1;0;;0;2;1;28;44;;;;;;
23.02.2025;Bundestagswahl;14713000;0329;0329;1;1;778;541;0;1319;627;5;1;626;3;624;107;105;60;68;163;150;25;57;164;94;72;100;1;2;;1;5;6;;0;;4;1;0;;2;0;1;28;34;;;;;;
23.02.2025;Bundestagswahl;14713000;0338;0338;1;1;755;451;0;1206;635;4;3;632;3;632;108;111;60;80;83;79;10;18;272;188;54;95;4;4;;3;3;0;;1;;8;1;1;;0;2;1;35;43;;;;;;
23.02.2025;Bundestagswahl;14713000;0339;0339;1;1;590;481;0;1071;524;8;2;522;3;521;71;68;23;50;75;75;12;22;251;160;70;113;3;1;;3;2;2;;0;;5;4;1;;1;0;0;11;20;;;;;;
23.02.2025;Bundestagswahl;14713000;0341;0341;1;1;671;442;0;1113;569;1;1;568;0;569;72;68;42;64;78;73;7;25;258;149;78;124;4;6;;2;5;3;;1;;7;1;1;;0;0;0;23;46;;;;;;
23.02.2025;Bundestagswahl;14713000;0349;0349;1;1;598;570;0;1168;537;7;0;537;1;536;71;69;32;61;84;83;8;16;239;146;74;118;2;2;;2;3;3;;0;;2;0;0;;1;2;2;22;31;;;;;;
23.02.2025;Bundestagswahl;14713000;0359;0359;1;1;693;547;0;1240;583;4;0;583;2;581;97;95;37;62;49;46;9;17;290;176;83;142;1;1;;4;1;4;;1;;7;1;2;;0;0;1;15;23;;;;;;
23.02.2025;Bundestagswahl;14713000;0401;0401;1;1;662;484;0;1146;540;6;0;540;0;540;86;85;39;66;102;86;11;30;192;93;74;132;7;3;;5;5;2;;0;;3;1;1;;1;1;0;22;33;;;;;;
23.02.2025;Bundestagswahl;14713000;0409;0409;1;1;673;608;0;1281;596;4;5;591;4;592;89;87;53;78;74;74;22;39;243;130;81;131;4;1;;3;3;4;;0;;5;0;0;;0;1;1;21;39;;;;;;
23.02.2025;Bundestagswahl;14713000;0411;0411;1;1;558;376;0;934;487;7;3;484;2;485;67;70;40;45;102;106;15;27;140;79;75;108;5;3;;0;9;6;;0;;3;0;2;;0;1;0;30;36;;;;;;
23.02.2025;Bundestagswahl;14713000;0421;0421;1;1;758;571;0;1329;660;16;2;658;2;658;110;108;57;81;92;82;20;39;257;156;67;118;6;3;;4;6;4;;0;;9;4;3;;2;0;0;39;49;;;;;;
23.02.2025;Bundestagswahl;14713000;0422;0422;1;1;731;637;0;1368;630;6;3;627;5;625;92;85;56;84;91;87;24;37;244;128;90;146;3;2;;5;3;4;;0;;13;1;0;;0;0;1;23;33;;;;;;
23.02.2025;Bundestagswahl;14713000;0439;0439;1;1;704;465;0;1169;528;2;1;527;3;525;102;95;47;56;76;76;12;21;201;137;48;83;7;3;;4;4;4;;0;;4;1;0;;0;2;0;27;42;;;;;;
23.02.2025;Bundestagswahl;14713000;0449;0449;1;1;707;336;0;1043;512;1;4;508;3;509;100;96;43;51;70;61;8;17;194;134;43;79;4;4;;7;8;8;;0;;2;1;1;;0;1;1;36;48;;;;;;
23.02.2025;Bundestagswahl;14713000;0509;0509;1;1;662;322;0;984;471;3;2;469;3;468;97;99;44;62;88;80;11;15;159;96;47;78;2;1;;1;4;3;;0;;2;0;0;;0;0;2;17;29;;;;;;
23.02.2025;Bundestagswahl;14713000;0518;0518;1;1;697;588;0;1285;621;10;1;620;1;620;77;78;41;58;130;111;21;41;218;122;95;147;5;4;;5;7;5;;1;;4;2;0;;0;1;0;23;44;;;;;;
23.02.2025;Bundestagswahl;14713000;0519;0519;1;1;640;476;0;1116;585;10;2;583;2;583;73;70;50;73;118;110;19;30;195;91;101;158;2;1;;5;3;4;;0;;6;0;0;;0;1;1;21;34;;;;;;
23.02.2025;Bundestagswahl;14713000;0521;0521;1;1;645;509;0;1154;541;1;2;539;1;540;93;91;45;61;98;96;16;20;189;104;65;113;6;2;;3;6;4;;1;;12;0;0;;0;4;2;17;31;;;;;;
23.02.2025;Bundestagswahl;14713000;0522;0522;1;1;676;723;0;1399;590;4;0;590;0;590;85;85;57;77;122;126;22;36;196;92;88;135;2;0;;1;0;0;;1;;1;0;2;;0;0;0;18;34;;;;;;
23.02.2025;Bundestagswahl;14713000;0539;0539;1;1;544;425;0;969;493;10;0;493;0;493;70;67;52;61;78;81;16;21;173;104;66;96;2;1;;2;2;3;;2;;6;0;0;;0;0;0;34;49;;;;;;
23.02.2025;Bundestagswahl;14713000;0540;0540;1;1;620;544;0;1164;524;7;0;524;0;524;82;79;55;71;107;98;14;34;167;75;76;126;0;2;;1;3;2;;0;;8;1;1;;0;2;2;17;25;;;;;;
23.02.2025;Bundestagswahl;14713000;0601;0601;1;1;711;451;0;1162;555;0;2;553;2;553;111;110;50;61;91;75;17;31;196;137;50;77;4;3;;4;6;3;;3;;11;2;0;;0;3;1;23;37;;;;;;
23.02.2025;Bundestagswahl;14713000;0602;0602;1;1;636;402;0;1038;509;4;3;506;3;506;104;103;52;69;69;61;5;12;176;110;60;79;4;4;;6;2;4;;1;;4;0;0;;0;1;1;33;52;;;;;;
23.02.2025;Bundestagswahl;14713000;0609;0609;1;1;606;456;0;1062;546;11;4;542;2;544;96;98;47;58;133;141;28;34;127;65;81;114;6;2;;0;2;1;;0;;6;0;0;;1;1;0;21;24;;;;;;
23.02.2025;Bundestagswahl;14713000;0619;0619;1;1;656;408;0;1064;529;13;0;529;1;528;81;85;62;76;70;66;13;17;182;120;81;111;7;0;;7;8;6;;0;;6;1;0;;0;0;1;24;33;;;;;;
23.02.2025;Bundestagswahl;14713000;0621;0621;1;1;677;524;0;1201;536;7;2;534;1;535;88;95;42;56;90;83;16;23;193;135;71;93;6;3;;5;5;5;;0;;9;1;1;;0;3;2;19;25;;;;;;
23.02.2025;Bundestagswahl;14713000;0629;0629;1;1;648;457;0;1105;476;4;1;475;1;475;80;78;42;53;70;62;12;22;186;133;58;89;5;3;;2;5;5;;0;;3;3;1;;0;0;1;14;23;;;;;;
23.02.2025;Bundestagswahl;14713000;1009;1009;1;1;881;375;0;1256;614;7;6;608;4;610;192;190;68;54;111;79;11;20;133;130;41;56;3;5;;12;6;1;;1;2;3;;0;2;0;0;1;36;58;3;;0;;;
23.02.2025;Bundestagswahl;14713000;1029;1029;1;1;1039;321;0;1360;743;6;7;736;6;737;241;248;68;59;111;98;24;29;164;169;44;60;13;8;;12;9;5;;1;6;5;;2;3;1;2;1;48;39;1;;2;;;
23.02.2025;Bundestagswahl;14713000;1039;1039;1;1;961;362;0;1323;695;13;4;691;5;690;227;225;52;48;70;48;14;22;224;224;32;50;8;3;;10;8;5;;2;9;2;;2;1;0;3;3;38;46;4;;1;;;
23.02.2025;Bundestagswahl;14713000;1049;1049;1;1;905;343;0;1248;620;0;0;620;1;619;211;212;80;61;88;64;15;23;130;143;30;45;8;6;;11;12;9;;0;5;2;;1;1;1;1;0;37;41;0;;2;;;
23.02.2025;Bundestagswahl;14713000;1059;1059;1;1;824;414;0;1238;649;3;4;645;5;644;170;177;83;56;111;80;9;18;162;167;42;62;5;4;;7;12;10;;3;6;6;;1;5;5;1;1;37;47;1;;1;;;
23.02.2025;Bundestagswahl;14713000;1069;1069;1;1;1003;331;0;1334;765;11;4;761;6;759;268;276;59;49;122;96;8;9;184;182;43;63;7;8;;13;11;9;;1;7;5;;0;2;0;4;2;39;46;6;;1;;;
23.02.2025;Bundestagswahl;14713000;1079;1079;1;1;979;477;0;1456;701;7;5;696;6;695;196;197;51;45;102;83;16;14;215;206;43;66;5;6;;10;8;7;;3;3;2;;3;3;2;0;0;49;51;3;;2;;;
23.02.2025;Bundestagswahl;14713000;1101;1101;1;1;743;373;0;1116;572;1;4;568;5;567;180;185;70;67;165;128;9;25;60;56;22;39;7;6;;3;3;1;;1;3;1;;0;0;0;2;3;46;52;1;;0;;;
23.02.2025;Bundestagswahl;14713000;1119;1119;1;1;871;244;0;1115;617;4;8;609;7;610;229;237;73;75;118;93;12;14;92;93;20;27;5;6;;6;11;6;;2;5;4;;2;1;0;1;1;39;44;3;;0;;;
23.02.2025;Bundestagswahl;14713000;1129;1129;1;1;724;239;0;963;495;2;8;487;8;487;192;200;47;46;113;98;8;16;66;46;5;10;11;10;;5;2;2;;2;1;2;;0;2;0;0;1;37;49;3;;0;;;
23.02.2025;Bundestagswahl;14713000;1131;1131;1;1;800;176;0;976;562;0;5;557;5;557;215;214;73;69;132;111;8;16;73;66;12;22;3;2;;5;7;5;;0;1;1;;1;0;0;1;0;31;45;1;;0;;;
23.02.2025;Bundestagswahl;14713000;1149;1149;1;1;857;167;0;1024;586;3;7;579;8;578;218;218;71;70;116;102;7;9;82;92;16;17;8;4;;9;12;8;;0;2;1;;0;0;0;1;0;41;48;5;;0;;;
23.02.2025;Bundestagswahl;14713000;1150;1150;1;1;839;174;0;1013;507;2;1;506;3;504;212;207;44;43;98;85;10;11;80;87;20;21;5;5;;7;3;4;;0;2;3;;0;2;0;0;0;28;31;2;;0;;;
23.02.2025;Bundestagswahl;14713000;1169;1169;1;1;828;226;0;1054;540;5;6;534;4;536;200;206;71;67;117;96;4;13;67;63;8;19;7;8;;10;3;3;;0;4;3;;1;1;0;6;3;44;44;1;;1;;;
23.02.2025;Bundestagswahl;14713000;1209;1209;1;1;853;298;0;1151;542;5;1;541;2;540;210;209;42;41;81;61;12;17;107;104;25;37;4;3;;6;10;6;;3;7;4;;3;0;1;0;0;42;45;1;;0;;;
23.02.2025;Bundestagswahl;14713000;1211;1211;1;1;749;346;0;1095;507;5;12;495;10;497;210;208;54;47;88;75;6;9;75;70;18;24;3;1;;8;2;3;;1;3;3;;1;1;1;1;0;31;46;2;;1;;;
23.02.2025;Bundestagswahl;14713000;1220;1220;1;1;845;319;0;1164;636;5;1;635;2;634;252;246;70;56;112;98;12;16;86;83;31;52;10;8;;8;11;5;;1;1;0;;1;0;0;0;1;50;59;0;;0;;;
23.02.2025;Bundestagswahl;14713000;1301;1301;1;1;662;232;0;894;496;3;5;491;6;490;209;212;42;43;107;83;8;14;73;72;12;18;2;1;;4;4;2;;5;3;4;;0;0;0;0;0;29;32;2;;0;;;
23.02.2025;Bundestagswahl;14713000;1309;1309;1;1;621;308;0;929;466;1;2;464;1;465;175;180;54;53;108;75;14;18;62;57;19;34;6;7;;6;1;0;;0;0;0;;2;1;1;2;3;22;29;0;;0;;;
23.02.2025;Bundestagswahl;14713000;1319;1319;1;1;946;212;0;1158;661;2;2;659;2;659;292;303;64;57;155;116;12;17;57;58;15;17;9;8;;8;4;3;;1;4;4;;2;0;0;2;1;43;64;0;;2;;;
23.02.2025;Bundestagswahl;14713000;1329;1329;1;1;899;259;0;1158;604;2;3;601;2;602;248;256;58;49;155;130;19;24;51;54;13;21;6;5;;8;11;7;;1;2;4;;0;2;0;1;0;27;43;6;;2;;;
23.02.2025;Bundestagswahl;14713000;1339;1339;1;1;880;243;0;1123;556;2;6;550;6;550;223;227;57;44;104;96;14;18;64;56;17;25;8;7;;11;12;9;;1;2;2;;1;1;0;1;1;45;52;1;;1;;;
23.02.2025;Bundestagswahl;14713000;1349;1349;1;1;769;249;0;1018;618;6;5;613;6;612;243;235;65;56;179;155;11;19;53;52;18;24;8;7;;2;2;2;;2;0;1;;1;1;1;0;1;26;54;7;;0;;;
23.02.2025;Bundestagswahl;14713000;1359;1359;1;1;864;253;0;1117;634;6;4;630;5;629;251;247;62;61;137;132;12;19;87;81;16;17;6;3;;6;9;4;;1;5;4;;0;0;0;2;2;41;52;1;;1;;;
23.02.2025;Bundestagswahl;14713000;1361;1361;1;1;802;236;0;1038;498;1;4;494;5;493;200;194;50;49;87;71;14;15;73;76;25;22;2;2;;10;6;6;;2;0;1;;0;0;0;1;1;34;44;1;;1;;;
23.02.2025;Bundestagswahl;14713000;1401;1401;1;1;797;420;0;1217;641;2;1;640;1;640;300;297;45;43;158;128;15;33;48;47;16;22;10;7;;5;6;1;;2;3;2;;1;2;0;1;1;33;51;1;;2;;;
23.02.2025;Bundestagswahl;14713000;1410;1410;1;1;904;225;0;1129;676;3;8;668;7;669;259;274;70;72;166;126;11;19;79;80;16;21;6;3;;12;5;2;;1;4;3;;0;3;3;2;3;45;50;0;;2;;;
23.02.2025;Bundestagswahl;14713000;1421;1421;1;1;837;265;0;1102;569;2;4;565;5;564;258;258;50;46;129;102;19;23;50;67;14;16;3;4;;7;8;2;;1;5;3;;0;1;0;1;1;25;34;1;;1;;;
23.02.2025;Bundestagswahl;14713000;1439;1439;1;1;822;354;0;1176;553;3;1;552;1;552;227;236;64;60;136;108;20;25;43;44;12;21;7;3;;8;6;5;;0;5;2;;0;0;0;2;2;29;38;1;;0;;;
23.02.2025;Bundestagswahl;14713000;1500;1500;1;1;826;306;0;1132;598;0;2;596;2;596;233;242;35;44;183;142;16;23;40;43;20;27;4;5;;8;8;5;;0;5;6;;1;0;0;1;0;48;50;3;;0;;;
23.02.2025;Bundestagswahl;14713000;1510;1510;1;1;685;353;0;1038;604;4;2;602;3;601;201;210;46;50;203;153;15;32;58;59;25;33;7;6;;2;1;0;;3;5;3;;0;0;0;1;0;39;50;1;;0;;;
23.02.2025;Bundestagswahl;14713000;1520;1520;1;1;379;144;0;523;326;0;5;321;5;321;137;146;18;19;96;76;9;15;21;21;10;16;6;5;;7;3;0;;0;2;0;;0;0;0;1;1;16;15;2;;0;;;
23.02.2025;Bundestagswahl;14713000;2000;2000;1;1;757;537;0;1294;619;20;0;619;1;618;80;79;54;42;31;25;5;6;353;331;46;86;3;1;;4;10;6;;1;9;8;;1;5;2;0;0;20;26;1;;2;;;
23.02.2025;Bundestagswahl;14713000;2019;2019;1;1;768;630;0;1398;620;15;2;618;2;618;57;55;64;50;29;21;8;10;385;363;51;85;0;0;;3;3;1;;0;3;2;;2;2;1;3;3;12;22;0;;1;;;
23.02.2025;Bundestagswahl;14713000;2021;2021;1;1;881;558;0;1439;668;3;1;667;2;666;112;113;60;62;107;87;8;20;260;231;62;92;0;0;;5;8;6;;0;9;8;;0;1;1;1;1;35;40;1;;3;;;
23.02.2025;Bundestagswahl;14713000;2029;2029;1;1;763;519;0;1282;619;12;3;616;3;616;66;75;62;53;38;29;7;12;358;328;44;79;3;3;;7;9;7;;0;4;3;;0;1;0;1;0;20;20;3;;0;;;
23.02.2025;Bundestagswahl;14713000;2039;2039;1;1;783;325;0;1108;551;8;6;545;4;547;166;165;62;56;75;62;10;13;136;123;34;52;7;2;;10;7;6;;1;3;1;;0;1;1;1;2;41;53;1;;1;;;
23.02.2025;Bundestagswahl;14713000;2059;2059;1;1;814;464;0;1278;589;13;5;584;0;589;124;125;54;47;63;50;3;6;265;232;35;74;1;2;;6;11;7;;0;4;3;;0;1;0;1;3;21;34;0;;1;;;
23.02.2025;Bundestagswahl;14713000;2069;2069;1;1;655;529;0;1184;531;7;3;528;2;529;64;60;35;25;46;30;11;16;285;266;46;94;1;1;;4;8;8;;0;6;4;;0;1;0;1;1;21;20;0;;3;;;
23.02.2025;Bundestagswahl;14713000;2100;2100;1;1;812;586;0;1398;594;16;3;591;3;591;43;42;55;45;46;29;2;9;353;334;58;94;4;2;;2;3;4;;1;1;0;;0;0;0;0;0;26;29;0;;0;;;
23.02.2025;Bundestagswahl;14713000;2119;2119;1;1;807;563;0;1370;662;15;6;656;5;657;73;73;53;40;37;30;3;8;399;379;51;84;3;1;;6;8;8;;2;4;3;;0;2;1;1;2;21;20;0;;1;;;
23.02.2025;Bundestagswahl;14713000;2139;2139;1;1;869;511;0;1380;612;10;5;607;4;608;106;110;35;21;52;37;9;12;328;312;35;66;1;0;;5;3;3;;0;12;9;;2;2;0;1;0;22;31;0;;1;;;
23.02.2025;Bundestagswahl;14713000;2141;2141;1;1;858;343;0;1201;528;6;7;521;7;521;165;166;42;38;57;47;6;7;193;165;23;48;5;6;;5;2;1;;1;6;3;;0;0;0;0;0;21;34;1;;0;;;
23.02.2025;Bundestagswahl;14713000;2149;2149;1;1;857;283;0;1140;522;6;6;516;8;514;144;143;55;53;44;33;5;10;197;187;21;30;1;1;;12;6;3;;1;4;3;;2;4;2;1;1;29;33;4;;1;;;
23.02.2025;Bundestagswahl;14713000;2159;2159;1;1;869;420;0;1289;588;6;1;587;1;587;130;130;51;37;54;47;6;9;273;256;33;62;3;1;;11;9;3;;1;6;6;;1;3;0;2;2;16;21;0;;1;;;
23.02.2025;Bundestagswahl;14713000;2201;2201;1;1;689;388;0;1077;508;10;3;505;3;505;123;117;33;32;67;53;2;8;209;193;32;53;1;3;;2;1;4;;1;10;5;;2;1;1;2;2;22;29;2;;0;;;
23.02.2025;Bundestagswahl;14713000;2209;2209;1;1;814;383;0;1197;611;5;4;607;6;605;165;171;65;61;139;99;3;20;130;124;48;63;8;5;;9;6;5;;0;7;6;;2;0;0;0;0;33;40;3;;0;;;
23.02.2025;Bundestagswahl;14713000;2219;2219;1;1;915;513;0;1428;678;5;1;677;1;677;162;163;62;50;82;61;16;22;212;195;67;92;8;7;;18;12;9;;0;9;5;;0;0;0;4;5;40;50;1;;2;;;
23.02.2025;Bundestagswahl;14713000;2221;2221;1;1;764;450;0;1214;607;10;1;606;1;606;95;106;44;36;60;46;3;6;290;239;54;106;6;4;;3;10;6;;5;2;8;;4;1;0;0;0;39;37;0;;2;;;
23.02.2025;Bundestagswahl;14713000;2229;2229;1;1;801;479;0;1280;644;7;2;642;3;641;105;103;48;44;61;39;11;15;302;280;75;107;1;1;;5;13;9;;0;5;7;;2;1;0;1;0;18;29;0;;1;;;
23.02.2025;Bundestagswahl;14713000;2231;2231;1;1;676;356;0;1032;550;6;4;546;4;546;125;128;66;50;96;70;12;21;158;156;43;59;4;4;;3;9;8;;2;3;3;;3;3;0;1;1;24;38;1;;1;;;
23.02.2025;Bundestagswahl;14713000;2239;2239;1;1;651;314;0;965;548;6;3;545;3;545;119;123;54;42;63;50;3;4;211;201;44;68;3;3;;6;6;4;;1;9;5;;4;1;0;0;1;32;33;0;;0;;;
23.02.2025;Bundestagswahl;14713000;2249;2249;1;1;754;430;0;1184;581;5;6;575;5;576;148;143;70;53;93;78;15;23;156;144;34;61;3;1;;7;6;1;;0;4;3;;0;0;2;2;1;42;59;0;;2;;;
23.02.2025;Bundestagswahl;14713000;2301;2301;1;1;605;196;0;801;448;6;1;447;2;446;161;154;51;50;109;88;6;12;61;63;11;16;4;4;;8;3;0;;0;3;0;;0;1;2;2;2;32;47;1;;2;;;
23.02.2025;Bundestagswahl;14713000;2311;2311;1;1;534;185;0;719;391;3;4;387;4;387;138;143;57;45;86;69;8;7;55;62;6;17;5;4;;2;3;1;;0;4;3;;0;3;1;1;2;20;31;1;;0;;;
23.02.2025;Bundestagswahl;14713000;2319;2319;1;1;674;165;0;839;433;0;3;430;6;427;144;143;57;51;107;94;4;7;61;66;11;15;2;2;;5;3;3;;0;3;1;;0;4;3;2;2;31;35;0;;1;;;
23.02.2025;Bundestagswahl;14713000;2321;2321;1;1;653;278;0;931;481;6;4;477;3;478;152;165;51;54;94;67;8;10;95;90;13;23;2;0;;6;4;6;;0;2;2;;0;0;0;2;3;51;52;2;;1;;;
23.02.2025;Bundestagswahl;14713000;2322;2322;1;1;614;225;0;839;478;2;4;474;3;475;180;183;48;49;112;78;3;16;56;57;26;35;6;3;;6;7;3;;0;2;1;;0;0;0;0;1;33;43;0;;1;;;
23.02.2025;Bundestagswahl;14713000;2330;2330;1;1;514;255;0;769;402;6;0;402;2;400;151;149;43;41;82;66;3;11;66;68;27;25;1;3;;9;3;2;;0;0;1;;0;0;0;4;2;21;23;1;;0;;;
23.02.2025;Bundestagswahl;14713000;2339;2339;1;1;769;262;0;1031;545;3;3;542;3;542;152;158;57;53;101;76;9;10;119;119;40;55;5;7;;9;10;3;;1;2;4;;0;3;2;3;1;39;44;0;;2;;;
23.02.2025;Bundestagswahl;14713000;2340;2340;1;1;774;309;0;1083;529;5;7;522;5;524;154;157;47;38;56;48;7;15;172;159;34;50;8;5;;7;5;8;;2;6;7;;0;1;0;0;0;29;28;1;;2;;;
23.02.2025;Bundestagswahl;14713000;2401;2401;1;1;677;164;0;841;468;1;2;466;6;462;206;201;47;47;96;77;5;9;55;59;10;14;6;2;;4;3;4;;2;2;2;;0;0;1;1;1;34;39;1;;0;;;
23.02.2025;Bundestagswahl;14713000;2402;2402;1;1;641;269;0;910;533;3;3;530;3;530;192;191;55;59;150;109;15;28;43;48;15;24;9;10;;2;2;0;;0;3;2;;1;2;0;2;1;41;55;0;;1;;;
23.02.2025;Bundestagswahl;14713000;2409;2409;1;1;766;149;0;915;556;0;5;551;5;551;234;233;49;58;107;87;6;13;77;67;11;15;5;2;;10;5;5;;1;2;1;;0;3;2;0;2;48;55;0;;4;;;
23.02.2025;Bundestagswahl;14713000;2411;2411;1;1;841;194;0;1035;503;2;6;497;6;497;221;229;42;45;104;78;13;22;62;52;6;13;6;3;;5;4;2;;1;6;4;;0;0;1;1;1;32;41;0;;0;;;
23.02.2025;Bundestagswahl;14713000;2420;2420;1;1;750;138;0;888;443;4;9;434;9;434;204;202;44;45;85;59;4;7;37;41;8;13;2;2;;3;4;4;;2;2;2;;0;2;0;0;1;41;53;0;;1;;;
23.02.2025;Bundestagswahl;14713000;2439;2439;1;1;704;198;0;902;426;3;8;418;9;417;172;172;47;46;95;79;2;4;59;56;10;10;6;4;;6;4;6;;0;2;2;;0;1;2;1;1;18;29;1;;0;;;
23.02.2025;Bundestagswahl;14713000;2449;2449;1;1;759;202;0;961;446;1;2;444;5;441;208;202;35;39;87;71;6;10;44;46;10;11;4;3;;10;8;4;;3;0;0;;0;1;2;0;0;40;40;0;;1;;;
23.02.2025;Bundestagswahl;14713000;2459;2459;1;1;924;188;0;1112;530;0;8;522;7;523;239;235;50;51;88;69;9;14;71;75;14;17;5;6;;9;6;2;;2;8;6;;4;0;0;2;1;27;32;1;;2;;;
23.02.2025;Bundestagswahl;14713000;2471;2471;1;1;659;157;0;816;481;3;5;476;4;477;174;176;42;38;92;73;8;12;81;85;20;23;4;4;;10;6;3;;0;7;4;;0;2;0;1;1;38;48;1;;0;;;
23.02.2025;Bundestagswahl;14713000;2472;2472;1;1;537;109;0;646;391;3;1;390;2;389;172;174;36;28;64;49;7;7;66;68;15;26;4;4;;4;4;2;;1;0;0;;1;2;0;2;2;16;23;2;;0;;;
23.02.2025;Bundestagswahl;14713000;2489;2489;1;1;737;281;0;1018;496;7;1;495;1;495;209;211;36;37;131;91;10;15;52;48;8;21;6;4;;9;3;1;;1;0;1;;0;0;0;0;0;40;56;0;;0;;;
23.02.2025;Bundestagswahl;14713000;2509;2509;1;1;737;276;0;1013;647;1;5;642;5;642;198;199;70;73;217;187;13;22;68;70;19;28;7;4;;3;4;2;;0;1;1;;1;0;0;2;1;42;51;1;;0;;;
23.02.2025;Bundestagswahl;14713000;2511;2511;1;1;862;204;0;1066;707;1;8;699;8;699;254;264;74;70;191;154;21;27;64;77;25;21;5;7;;10;8;6;;1;2;4;;0;1;0;3;0;51;58;0;;0;;;
23.02.2025;Bundestagswahl;14713000;2512;2512;1;1;743;212;0;955;593;2;5;588;5;588;215;218;60;65;173;131;10;30;61;57;5;11;8;8;;2;3;1;;0;0;0;;0;0;0;0;0;53;65;0;;0;;;
23.02.2025;Bundestagswahl;14713000;2601;2601;1;1;648;306;0;954;505;6;2;503;2;503;187;199;47;53;123;88;12;14;70;69;15;27;5;2;;6;6;3;;1;6;3;;0;0;0;0;0;32;38;0;;0;;;
23.02.2025;Bundestagswahl;14713000;2602;2602;1;1;644;320;0;964;505;0;4;501;4;501;157;169;60;62;164;136;14;13;48;48;10;14;5;4;;4;1;0;;4;2;2;;0;0;0;0;0;39;45;0;;1;;;
23.02.2025;Bundestagswahl;14713000;2610;2610;1;1;595;357;0;952;522;5;3;519;1;521;168;172;49;53;178;142;14;24;38;40;35;43;8;5;;4;2;3;;0;3;4;;1;0;0;0;0;24;30;0;;0;;;
23.02.2025;Bundestagswahl;14713000;2621;2621;1;1;603;391;0;994;516;2;3;513;3;513;150;153;50;50;166;141;21;24;45;43;19;35;11;5;;3;4;2;;0;3;3;;1;0;0;0;0;43;53;0;;1;;;
23.02.2025;Bundestagswahl;14713000;2629;2629;1;1;605;319;0;924;492;3;2;490;3;489;147;155;62;57;135;106;8;10;49;57;32;48;6;7;;1;3;2;;0;5;3;;0;1;1;0;1;41;41;1;;0;;;
23.02.2025;Bundestagswahl;14713000;2701;2701;1;1;769;268;0;1037;649;2;5;644;3;646;230;233;59;55;201;172;18;26;53;68;18;17;8;7;;5;2;0;;1;2;2;;1;0;0;1;1;49;58;2;;1;;;
23.02.2025;Bundestagswahl;14713000;2702;2702;1;1;705;322;0;1027;600;5;4;596;4;596;184;186;64;65;201;159;23;34;58;64;12;29;8;4;;3;5;4;;0;3;3;;0;0;0;0;0;37;45;1;;0;;;
23.02.2025;Bundestagswahl;14713000;2709;2709;1;1;775;203;0;978;544;3;3;541;2;542;198;197;56;51;139;113;6;9;56;57;15;23;15;7;;11;1;3;;0;3;2;;0;0;0;3;4;47;65;1;;1;;;
23.02.2025;Bundestagswahl;14713000;2711;2711;1;1;887;318;0;1205;653;2;5;648;5;648;272;266;52;46;169;138;21;24;52;65;19;30;8;10;;7;8;6;;2;1;3;;1;0;0;3;2;41;48;1;;1;;;
23.02.2025;Bundestagswahl;14713000;2712;2712;1;1;812;293;0;1105;703;1;8;695;7;696;243;257;68;75;224;174;16;20;42;44;19;31;12;12;;6;5;2;;1;3;3;;0;0;0;1;1;62;70;0;;0;;;
23.02.2025;Bundestagswahl;14713000;2729;2729;1;1;789;309;0;1098;635;2;2;633;3;632;228;239;40;49;200;157;12;20;60;53;19;31;9;5;;6;7;6;;1;2;3;;0;1;0;1;1;52;61;0;;2;;;
23.02.2025;Bundestagswahl;14713000;2731;2731;1;1;765;269;0;1034;535;4;5;530;5;530;221;219;46;41;123;94;10;16;53;67;18;24;10;10;;4;5;4;;0;3;3;;1;0;0;0;1;37;46;2;;2;;;
23.02.2025;Bundestagswahl;14713000;2809;2809;1;1;460;286;0;746;390;3;2;388;3;387;134;135;41;35;127;109;8;10;27;36;13;21;5;4;;2;2;1;;0;1;2;;1;0;0;1;1;22;30;5;;2;;;
23.02.2025;Bundestagswahl;14713000;2811;2811;1;1;438;285;0;723;409;5;0;409;0;409;136;140;34;27;135;114;8;21;31;27;28;37;8;7;;3;2;3;;0;0;0;;0;0;0;1;0;23;30;3;;0;;;
23.02.2025;Bundestagswahl;14713000;2900;2900;1;1;925;375;0;1300;608;3;2;606;2;606;294;306;35;43;146;109;13;21;48;44;6;17;16;9;;8;6;4;;0;2;2;;0;0;1;0;0;40;42;0;;0;;;
23.02.2025;Bundestagswahl;14713000;2919;2919;1;1;359;124;0;483;318;1;1;317;3;315;157;159;16;15;92;79;0;7;14;18;4;7;3;2;;4;3;1;;0;1;0;;0;1;0;4;0;21;23;0;;1;;;
23.02.2025;Bundestagswahl;14713000;3001;3001;1;1;752;639;0;1391;628;9;0;628;1;627;86;86;40;58;68;78;16;21;309;195;74;132;4;3;;6;4;3;;0;;5;0;0;;0;3;1;24;39;;;;;;
23.02.2025;Bundestagswahl;14713000;3009;3009;1;1;783;611;0;1394;634;11;1;633;1;633;82;74;36;48;52;52;9;17;344;222;65;155;3;1;;6;4;3;;3;;12;4;1;;0;0;0;34;39;;;;;;
23.02.2025;Bundestagswahl;14713000;3011;3011;1;1;705;603;0;1308;498;3;1;497;1;497;59;55;31;42;27;26;5;16;316;226;34;94;2;1;;1;6;2;;0;;0;0;0;;2;1;0;16;32;;;;;;
23.02.2025;Bundestagswahl;14713000;3019;3019;1;1;726;631;0;1357;608;10;2;606;5;603;76;76;39;64;37;31;5;10;348;241;66;129;4;4;;4;6;3;;1;;4;1;1;;0;0;0;24;35;;;;;;
23.02.2025;Bundestagswahl;14713000;3021;3021;1;1;660;674;0;1334;577;3;2;575;2;575;54;53;36;59;47;46;7;22;328;201;68;148;4;3;;2;4;5;;0;;6;4;2;;0;0;0;23;28;;;;;;
23.02.2025;Bundestagswahl;14713000;3029;3029;1;1;746;661;0;1407;591;10;1;590;1;590;80;85;48;62;59;63;23;32;282;194;62;109;6;4;;6;7;6;;0;;8;1;0;;0;1;1;21;20;;;;;;
23.02.2025;Bundestagswahl;14713000;3031;3031;1;1;942;524;0;1466;686;7;2;684;2;684;147;142;53;70;63;68;10;9;347;253;34;89;2;3;;6;4;2;;2;;3;2;1;;0;1;1;21;35;;;;;;
23.02.2025;Bundestagswahl;14713000;3049;3049;1;1;674;527;0;1201;568;4;3;565;2;566;68;72;35;47;50;47;7;15;307;212;57;127;4;2;;9;7;9;;1;;5;2;1;;1;2;2;26;16;;;;;;
23.02.2025;Bundestagswahl;14713000;3051;3051;1;1;821;525;0;1346;626;13;1;625;1;625;113;115;42;58;66;51;9;17;297;218;56;110;5;3;;7;5;5;;0;;3;3;1;;0;0;0;29;37;;;;;;
23.02.2025;Bundestagswahl;14713000;3069;3069;1;1;791;465;0;1256;664;11;4;660;7;657;105;106;34;55;62;59;7;5;358;266;54;109;3;4;;8;6;6;;0;;4;5;2;;1;1;0;25;32;;;;;;
23.02.2025;Bundestagswahl;14713000;3071;3071;1;1;828;417;0;1245;633;5;1;632;2;631;140;143;42;49;51;52;14;22;275;200;46;75;9;4;;4;5;6;;1;;6;1;4;;0;2;0;47;65;;;;;;
23.02.2025;Bundestagswahl;14713000;3079;3079;1;1;907;388;0;1295;711;8;7;704;7;704;210;208;56;80;76;81;12;20;253;154;33;77;12;9;;14;4;6;;1;;5;1;0;;0;2;2;45;47;;;;;;
23.02.2025;Bundestagswahl;14713000;3089;3089;1;1;1007;446;0;1453;578;5;9;569;8;570;137;137;61;76;79;72;9;14;205;143;41;64;7;5;;3;2;2;;3;;4;1;0;;1;2;1;25;45;;;;;;
23.02.2025;Bundestagswahl;14713000;3101;3101;1;1;802;503;0;1305;600;3;5;595;4;596;127;122;42;82;82;68;12;20;233;158;62;88;9;6;;6;2;5;;0;;6;1;1;;0;4;3;21;31;;;;;;
23.02.2025;Bundestagswahl;14713000;3109;3109;1;1;791;449;0;1240;664;11;1;663;1;663;131;135;53;59;61;61;19;22;271;191;73;113;4;5;;11;11;9;;2;;12;3;2;;0;2;2;35;39;;;;;;
23.02.2025;Bundestagswahl;14713000;3111;3111;1;1;873;376;0;1249;715;7;3;712;3;712;158;164;56;82;97;86;17;30;245;170;67;95;8;9;;9;12;7;;3;;8;3;4;;0;4;1;45;44;;;;;;
23.02.2025;Bundestagswahl;14713000;3119;3119;1;1;810;470;0;1280;674;5;2;672;1;673;155;156;45;64;73;75;9;17;280;161;55;111;5;5;;11;10;7;;2;;5;3;2;;0;2;5;35;52;;;;;;
23.02.2025;Bundestagswahl;14713000;3129;3129;1;1;903;389;0;1292;734;10;2;732;0;734;162;162;43;71;87;73;18;25;295;203;63;110;6;9;;12;18;6;;5;;3;1;3;;0;0;1;39;51;;;;;;
23.02.2025;Bundestagswahl;14713000;3139;3139;1;1;784;420;0;1204;603;1;3;600;4;599;177;185;39;48;85;73;10;17;187;127;41;80;10;5;;8;6;2;;1;;4;1;0;;0;1;3;43;46;;;;;;
23.02.2025;Bundestagswahl;14713000;3149;3149;1;1;771;410;0;1181;612;4;2;610;1;611;131;138;45;50;169;146;14;30;162;106;48;80;8;3;;4;3;3;;0;;3;0;0;;0;2;3;28;45;;;;;;
23.02.2025;Bundestagswahl;14713000;3151;3151;1;1;945;347;0;1292;694;0;9;685;10;684;193;181;63;80;149;135;15;23;164;121;33;35;8;5;;11;6;5;;1;;4;3;1;;1;0;0;51;81;;;;;;
23.02.2025;Bundestagswahl;14713000;3159;3159;1;1;907;440;0;1347;705;6;3;702;4;701;170;166;65;85;150;143;12;17;200;120;51;75;7;8;;8;5;1;;1;;6;1;0;;0;2;4;39;67;;;;;;
23.02.2025;Bundestagswahl;14713000;3161;3161;1;1;748;480;0;1228;641;4;7;634;5;636;166;168;36;56;151;142;20;42;157;80;59;80;3;2;;3;2;1;;1;;0;1;1;;0;0;0;39;60;;;;;;
23.02.2025;Bundestagswahl;14713000;3169;3169;1;1;773;457;0;1230;624;3;5;619;0;624;134;131;49;63;99;94;15;26;189;131;75;97;7;7;;13;6;0;;1;;2;5;2;;1;1;0;39;56;;;;;;
23.02.2025;Bundestagswahl;14713000;3209;3209;1;1;776;367;0;1143;570;1;3;567;2;568;196;196;49;59;88;79;16;25;129;73;39;74;7;3;;6;10;5;;2;;2;1;2;;0;3;1;29;41;;;;;;
23.02.2025;Bundestagswahl;14713000;3211;3211;1;1;722;324;0;1046;601;5;3;598;6;595;178;183;67;80;165;153;12;21;116;66;26;38;3;1;;4;1;2;;2;;3;1;0;;0;1;1;28;41;;;;;;
23.02.2025;Bundestagswahl;14713000;3212;3212;1;1;712;343;0;1055;631;8;2;629;3;628;160;155;57;74;191;187;22;29;106;66;41;44;6;6;;6;3;2;;0;;2;1;0;;0;3;2;39;55;;;;;;
23.02.2025;Bundestagswahl;14713000;3219;3219;1;1;793;291;0;1084;589;4;3;586;2;587;184;190;54;67;108;110;17;13;150;89;21;38;5;6;;10;5;4;;0;;4;2;2;;1;0;0;40;53;;;;;;
23.02.2025;Bundestagswahl;14713000;3229;3229;1;1;887;240;0;1127;651;1;4;647;5;646;220;212;71;77;133;134;14;25;123;97;34;37;3;2;;7;6;2;;1;;2;0;0;;0;1;0;42;50;;;;;;
23.02.2025;Bundestagswahl;14713000;3301;3301;1;1;902;360;0;1262;642;3;7;635;4;638;228;228;49;54;116;111;19;23;114;85;37;47;7;7;;8;9;5;;2;;6;2;0;;0;2;3;52;59;;;;;;
23.02.2025;Bundestagswahl;14713000;3309;3309;1;1;695;263;0;958;593;2;1;592;2;591;243;238;46;43;122;119;17;32;106;64;25;39;8;7;;5;3;4;;0;;0;1;0;;0;0;0;21;40;;;;;;
23.02.2025;Bundestagswahl;14713000;3319;3319;1;1;614;242;0;856;496;3;2;494;1;495;192;181;44;48;114;120;15;22;73;48;17;18;5;6;;3;1;1;;1;;1;2;0;;0;0;0;31;46;;;;;;
23.02.2025;Bundestagswahl;14713000;3409;3409;1;1;759;261;0;1020;593;4;3;590;2;591;283;277;35;42;118;111;13;19;77;54;22;29;13;9;;3;5;5;;0;;1;0;0;;0;2;1;22;40;;;;;;
23.02.2025;Bundestagswahl;14713000;3419;3419;1;1;782;386;0;1168;630;2;7;623;6;624;255;251;49;62;173;158;10;20;76;52;18;19;8;6;;6;5;2;;1;;2;0;1;;0;1;1;28;43;;;;;;
23.02.2025;Bundestagswahl;14713000;3429;3429;1;1;845;304;0;1149;592;1;1;591;2;590;283;277;38;37;112;103;9;20;82;62;14;17;8;6;;7;7;7;;1;;1;0;0;;0;3;4;35;48;;;;;;
23.02.2025;Bundestagswahl;14713000;3431;3431;1;1;748;300;0;1048;652;2;4;648;3;649;294;286;52;60;142;137;21;33;68;43;20;24;10;4;;0;3;2;;0;;4;0;1;;0;0;0;38;55;;;;;;
23.02.2025;Bundestagswahl;14713000;3501;3501;1;1;644;300;0;944;544;1;2;542;2;542;238;245;30;36;115;95;10;19;69;47;26;35;4;1;;5;7;4;;1;;5;2;1;;0;1;0;40;48;;;;;;
23.02.2025;Bundestagswahl;14713000;3519;3519;1;1;739;237;0;976;612;0;2;610;2;610;244;241;51;60;130;118;17;21;98;66;28;35;5;4;;10;6;3;;0;;3;0;2;;0;0;0;31;47;;;;;;
23.02.2025;Bundestagswahl;14713000;3521;3521;1;1;713;478;0;1191;604;3;4;600;2;602;193;190;56;76;175;158;19;43;87;45;35;44;9;7;;3;3;1;;0;;1;1;1;;0;0;1;22;32;;;;;;
23.02.2025;Bundestagswahl;14713000;3529;3529;1;1;781;359;0;1140;588;3;2;586;3;585;228;227;45;60;127;105;15;29;93;54;29;41;10;4;;9;7;5;;0;;5;0;0;;1;0;0;32;45;;;;;;
23.02.2025;Bundestagswahl;14713000;3531;3531;1;1;661;370;0;1031;535;0;3;532;1;534;204;200;35;44;131;127;17;25;77;41;25;38;6;2;;8;4;1;;3;;1;1;0;;1;0;0;32;43;;;;;;
23.02.2025;Bundestagswahl;14713000;4009;4009;1;1;656;552;0;1208;597;10;3;594;3;594;45;48;31;72;77;80;4;14;304;172;100;160;7;5;;5;5;2;;2;;5;1;0;;0;0;0;20;29;;;;;;
23.02.2025;Bundestagswahl;14713000;4011;4011;1;1;585;543;0;1128;489;7;1;488;1;488;53;55;44;62;50;53;10;17;238;130;68;123;5;4;;2;4;0;;4;;10;2;2;;1;0;0;14;25;;;;;;
23.02.2025;Bundestagswahl;14713000;4019;4019;1;1;755;599;0;1354;621;7;4;617;5;616;96;96;34;53;74;72;17;35;300;167;66;142;3;1;;2;7;7;;0;;6;0;0;;1;2;1;18;33;;;;;;
23.02.2025;Bundestagswahl;14713000;4021;4021;1;1;642;464;0;1106;564;9;1;563;1;563;62;63;32;57;60;64;6;12;321;187;55;138;3;1;;1;4;2;;0;;4;0;0;;0;1;0;19;34;;;;;;
23.02.2025;Bundestagswahl;14713000;4031;4031;1;1;625;548;0;1173;568;9;6;562;5;563;79;73;39;55;70;75;9;15;279;168;53;109;3;3;;5;3;3;;1;;7;2;1;;2;0;1;25;45;;;;;;
23.02.2025;Bundestagswahl;14713000;4038;4038;1;1;724;488;0;1212;636;10;1;635;0;636;72;73;38;62;58;62;9;18;342;220;75;138;3;0;;5;12;5;;3;;7;1;1;;0;3;3;22;39;;;;;;
23.02.2025;Bundestagswahl;14713000;4039;4039;1;1;634;627;0;1261;545;13;1;544;1;544;52;49;43;56;36;38;12;21;327;209;53;138;2;2;;1;3;2;;1;;4;1;1;;0;1;1;14;21;;;;;;
23.02.2025;Bundestagswahl;14713000;4041;4041;1;1;613;538;0;1151;539;5;1;538;1;538;56;57;33;54;55;59;12;17;262;152;87;142;2;2;;4;4;3;;0;;5;1;0;;0;1;1;25;42;;;;;;
23.02.2025;Bundestagswahl;14713000;4049;4049;1;1;674;530;0;1204;573;3;1;572;0;573;75;75;24;63;66;65;7;9;303;176;61;128;3;3;;1;6;7;;1;;6;1;1;;0;0;0;26;38;;;;;;
23.02.2025;Bundestagswahl;14713000;4051;4051;1;1;629;405;0;1034;588;6;3;585;2;586;54;56;45;75;46;54;6;14;322;189;85;163;4;2;;3;2;1;;1;;1;1;1;;1;0;0;20;25;;;;;;
23.02.2025;Bundestagswahl;14713000;4068;4068;1;1;626;428;0;1054;534;6;4;530;2;532;41;40;34;51;47;56;7;9;322;232;62;111;4;1;;8;2;5;;1;;4;3;1;;0;0;0;8;13;;;;;;
23.02.2025;Bundestagswahl;14713000;4069;4069;1;1;655;362;0;1017;583;4;2;581;2;581;67;69;51;71;79;78;6;12;270;175;58;111;3;2;;3;3;3;;1;;5;2;1;;0;3;2;39;48;;;;;;
23.02.2025;Bundestagswahl;14713000;4078;4078;1;1;674;501;0;1175;609;4;0;609;0;609;60;62;33;56;71;78;12;17;330;189;70;151;3;2;;2;8;3;;0;;10;2;1;;1;2;2;18;35;;;;;;
23.02.2025;Bundestagswahl;14713000;4079;4079;1;1;595;475;0;1070;519;7;2;517;2;517;54;53;36;60;40;48;4;10;312;203;51;109;2;1;;1;2;1;;0;;6;0;1;;1;0;1;16;22;;;;;;
23.02.2025;Bundestagswahl;14713000;4081;4081;1;1;638;457;0;1095;559;8;1;558;0;559;62;63;30;42;68;66;10;15;314;224;56;109;0;1;;2;2;3;;2;;3;0;1;;0;2;1;14;27;;;;;;
23.02.2025;Bundestagswahl;14713000;4089;4089;1;1;623;368;0;991;538;5;0;538;0;538;68;68;46;73;42;44;5;12;273;154;62;129;3;1;;5;9;5;;0;;3;1;3;;0;0;0;29;41;;;;;;
23.02.2025;Bundestagswahl;14713000;4091;4091;1;1;614;313;0;927;541;1;3;538;4;537;75;75;55;72;41;47;7;8;264;176;60;104;2;1;;3;2;4;;0;;2;2;1;;0;2;0;28;44;;;;;;
23.02.2025;Bundestagswahl;14713000;4099;4099;1;1;653;366;0;1019;557;4;0;557;0;557;81;81;38;50;69;68;10;11;273;174;49;111;3;3;;3;6;7;;0;;7;1;1;;0;1;0;26;41;;;;;;
23.02.2025;Bundestagswahl;14713000;4101;4101;1;1;703;588;0;1291;577;2;1;576;0;577;84;82;47;62;104;114;5;11;245;154;51;95;6;4;;5;6;5;;0;;1;1;1;;1;0;0;27;42;;;;;;
23.02.2025;Bundestagswahl;14713000;4108;4108;1;1;683;485;0;1168;563;7;1;562;2;561;33;36;29;46;44;41;1;6;392;296;38;101;4;4;;1;1;3;;0;;3;0;0;;0;2;0;18;24;;;;;;
23.02.2025;Bundestagswahl;14713000;4109;4109;1;1;653;489;0;1142;594;3;0;594;0;594;46;48;40;69;43;46;9;14;371;250;59;133;2;1;;2;6;2;;0;;3;4;4;;0;1;1;13;21;;;;;;
23.02.2025;Bundestagswahl;14713000;4111;4111;1;1;647;522;0;1169;567;4;2;565;4;563;61;58;34;56;73;79;7;9;305;176;40;117;3;1;;6;11;7;;1;;5;0;0;;0;1;1;30;47;;;;;;
23.02.2025;Bundestagswahl;14713000;4121;4121;1;1;800;463;0;1263;672;7;3;669;3;669;86;93;38;71;60;57;6;8;379;282;53;101;2;2;;6;8;9;;0;;3;2;0;;1;1;0;34;36;;;;;;
23.02.2025;Bundestagswahl;14713000;4129;4129;1;1;815;448;0;1263;667;3;3;664;3;664;101;99;60;83;61;66;8;12;341;244;47;95;7;1;;2;7;5;;3;;7;1;0;;0;0;0;31;47;;;;;;
23.02.2025;Bundestagswahl;14713000;4131;4131;1;1;712;411;0;1123;603;4;2;601;2;601;41;42;25;48;35;35;5;6;434;336;40;93;0;2;;3;10;10;;0;;5;0;0;;1;1;1;10;19;;;;;;
23.02.2025;Bundestagswahl;14713000;4132;4132;1;1;674;418;0;1092;545;1;2;543;1;544;62;64;27;56;57;44;8;15;333;232;31;85;1;2;;3;3;3;;1;;5;1;2;;0;0;0;20;32;;;;;;
23.02.2025;Bundestagswahl;14713000;4139;4139;1;1;613;470;0;1083;505;7;1;504;0;505;43;43;22;42;25;28;6;7;354;264;27;80;0;2;;3;7;9;;0;;4;0;0;;0;0;0;20;23;;;;;;
23.02.2025;Bundestagswahl;14713000;4148;4148;1;1;780;508;0;1288;640;3;7;633;6;634;65;66;35;45;65;69;4;10;387;303;51;103;1;1;;3;10;11;;1;;2;0;1;;0;2;0;13;19;;;;;;
23.02.2025;Bundestagswahl;14713000;4149;4149;1;1;848;372;0;1220;618;2;3;615;3;615;74;74;26;43;40;36;5;10;381;303;40;89;7;6;;1;11;8;;0;;5;0;0;;2;0;0;31;38;;;;;;
23.02.2025;Bundestagswahl;14713000;4151;4151;1;1;731;405;0;1136;632;8;1;631;1;631;76;71;36;69;57;55;2;9;390;268;38;109;3;1;;5;8;11;;1;;3;1;0;;1;0;0;20;28;;;;;;
23.02.2025;Bundestagswahl;14713000;4159;4159;1;1;736;372;0;1108;601;5;5;596;2;599;79;81;32;45;53;62;8;11;340;259;40;77;3;2;;4;8;6;;4;;5;2;1;;2;0;0;31;40;;;;;;
23.02.2025;Bundestagswahl;14713000;4201;4201;1;1;644;320;0;964;477;4;2;475;2;475;106;103;55;58;91;89;8;19;142;98;26;45;7;7;;4;2;2;;0;;4;2;1;;0;3;2;33;43;;;;;;
23.02.2025;Bundestagswahl;14713000;4202;4202;1;1;579;233;0;812;476;3;1;475;0;476;99;99;52;49;95;100;13;16;134;89;31;56;4;4;;5;4;3;;1;;3;0;0;;0;2;1;41;50;;;;;;
23.02.2025;Bundestagswahl;14713000;4211;4211;1;1;678;324;0;1002;578;1;3;575;2;576;123;123;53;70;92;101;13;18;184;116;51;67;7;5;;9;13;15;;1;;2;2;0;;2;1;0;36;47;;;;;;
23.02.2025;Bundestagswahl;14713000;4219;4219;1;1;666;360;0;1026;576;4;2;574;1;575;130;137;65;73;110;107;15;22;160;104;37;65;6;1;;4;8;5;;0;;6;0;0;;0;1;1;42;50;;;;;;
23.02.2025;Bundestagswahl;14713000;4221;4221;1;1;713;272;0;985;632;4;3;629;3;629;117;124;70;90;143;146;13;21;192;104;30;65;14;10;;3;4;2;;0;;6;1;1;;0;0;0;45;57;;;;;;
23.02.2025;Bundestagswahl;14713000;4308;4308;1;1;712;401;0;1113;594;6;1;593;2;592;142;146;61;72;109;113;13;21;180;109;48;69;4;2;;5;6;2;;2;;5;0;0;;0;1;0;29;46;;;;;;
23.02.2025;Bundestagswahl;14713000;4309;4309;1;1;685;305;0;990;504;1;5;499;6;498;162;160;50;60;85;68;4;12;134;83;19;32;7;7;;8;5;5;;0;;2;1;1;;0;0;0;32;60;;;;;;
23.02.2025;Bundestagswahl;14713000;4321;4321;1;1;710;397;0;1107;537;7;4;533;4;533;111;112;41;52;81;75;11;14;210;149;28;59;4;3;;8;7;5;;0;;3;1;3;;1;4;2;35;47;;;;;;
23.02.2025;Bundestagswahl;14713000;4331;4331;1;1;708;183;0;891;522;0;1;521;1;521;189;195;61;63;103;95;11;14;103;70;8;13;4;4;;8;10;4;;0;;2;0;0;;0;1;0;31;53;;;;;;
23.02.2025;Bundestagswahl;14713000;4339;4339;1;1;690;208;0;898;449;0;4;445;5;444;151;148;42;46;76;67;3;14;110;85;17;21;2;3;;6;7;3;;2;;4;1;0;;1;1;1;35;43;;;;;;
23.02.2025;Bundestagswahl;14713000;4341;4341;1;1;759;407;0;1166;565;3;4;561;4;561;148;145;44;58;76;77;11;17;200;143;34;47;7;4;;5;7;7;;1;;5;0;0;;0;1;2;33;50;;;;;;
23.02.2025;Bundestagswahl;14713000;4359;4359;1;1;814;226;0;1040;517;3;6;511;7;510;186;170;35;39;91;91;6;11;119;94;23;26;3;1;;8;10;6;;2;;4;1;1;;0;1;2;36;55;;;;;;
23.02.2025;Bundestagswahl;14713000;4369;4369;1;1;701;309;0;1010;543;1;7;536;6;537;160;153;51;63;88;83;7;8;138;97;28;45;7;7;;11;6;6;;2;;2;0;0;;0;0;0;51;60;;;;;;
23.02.2025;Bundestagswahl;14713000;4401;4401;1;1;910;394;0;1304;683;1;4;679;4;679;192;195;64;80;112;112;8;9;215;150;26;58;11;7;;6;9;9;;2;;2;2;2;;0;0;1;40;46;;;;;;
23.02.2025;Bundestagswahl;14713000;4409;4409;1;1;857;394;0;1251;628;2;7;621;4;624;171;175;52;71;88;88;12;23;191;111;36;66;10;8;;11;8;6;;1;;6;0;0;;0;4;3;49;55;;;;;;
23.02.2025;Bundestagswahl;14713000;4411;4411;1;1;796;347;0;1143;683;5;2;681;2;681;213;219;57;71;147;133;19;32;159;95;34;48;6;1;;7;6;1;;1;;6;0;0;;1;3;4;37;62;;;;;;
23.02.2025;Bundestagswahl;14713000;5007;5007;1;1;660;447;0;1107;610;6;1;609;0;610;48;47;30;59;75;72;6;14;304;174;106;185;4;3;;5;6;4;;1;;3;0;0;;0;2;3;28;40;;;;;;
23.02.2025;Bundestagswahl;14713000;5008;5008;1;1;622;383;0;1005;561;2;2;559;2;559;57;59;27;54;64;65;10;22;288;156;88;170;1;1;;3;8;6;;0;;3;4;0;;1;0;0;12;19;;;;;;
23.02.2025;Bundestagswahl;14713000;5009;5009;1;1;651;401;0;1052;587;4;2;585;2;585;91;92;42;59;69;79;17;20;246;150;79;118;4;4;;5;4;6;;0;;3;0;0;;1;2;2;31;46;;;;;;
23.02.2025;Bundestagswahl;14713000;5019;5019;1;1;587;408;0;995;527;9;4;523;4;523;61;60;30;60;55;54;5;13;254;143;84;135;9;4;;6;2;4;;0;;3;0;0;;0;1;1;22;40;;;;;;
23.02.2025;Bundestagswahl;14713000;5021;5021;1;1;556;348;0;904;510;11;0;510;0;510;53;53;36;57;64;69;11;15;239;141;78;125;3;4;;3;2;3;;1;;8;0;1;;2;3;3;21;25;;;;;;
23.02.2025;Bundestagswahl;14713000;5029;5029;1;1;594;483;0;1077;510;3;2;508;3;507;58;60;34;50;44;45;3;7;260;149;76;152;3;1;;2;3;1;;1;;3;1;2;;1;0;0;26;33;;;;;;
23.02.2025;Bundestagswahl;14713000;5039;5039;1;1;587;382;0;969;516;6;0;516;0;516;66;71;40;70;48;59;6;10;250;143;74;116;4;0;;3;3;4;;1;;3;0;0;;0;1;1;24;35;;;;;;
23.02.2025;Bundestagswahl;14713000;5048;5048;1;1;613;402;0;1015;554;11;1;553;1;553;49;51;31;42;46;43;7;12;298;183;83;169;3;1;;5;12;8;;1;;6;2;0;;1;1;0;21;31;;;;;;
23.02.2025;Bundestagswahl;14713000;5049;5049;1;1;604;420;0;1024;544;4;2;542;2;542;112;105;42;70;125;124;8;29;161;73;69;91;1;1;;1;3;2;;0;;6;0;0;;0;1;1;20;39;;;;;;
23.02.2025;Bundestagswahl;14713000;5109;5109;1;1;771;404;0;1175;624;7;3;621;2;622;104;106;52;76;97;90;12;21;240;162;76;111;6;3;;3;4;3;;1;;5;1;1;;0;2;2;27;38;;;;;;
23.02.2025;Bundestagswahl;14713000;5111;5111;1;1;689;526;0;1215;587;10;3;584;3;584;71;68;34;53;39;43;14;18;308;203;88;153;3;3;;5;2;4;;2;;3;0;1;;1;2;2;23;25;;;;;;
23.02.2025;Bundestagswahl;14713000;5119;5119;1;1;766;485;0;1251;555;13;3;552;3;552;53;51;32;61;33;31;11;15;308;210;85;143;1;0;;3;7;4;;0;;9;2;0;;0;2;2;18;23;;;;;;
23.02.2025;Bundestagswahl;14713000;5121;5121;1;1;715;490;0;1205;613;4;1;612;0;613;81;76;38;51;80;85;9;20;274;178;87;146;6;3;;4;9;2;;2;;7;3;3;;0;2;3;23;33;;;;;;
23.02.2025;Bundestagswahl;14713000;5122;5122;1;1;659;494;0;1153;519;10;1;518;1;518;76;71;37;61;70;81;10;18;229;119;70;121;3;2;;2;3;1;;2;;8;0;0;;0;0;0;20;32;;;;;;
23.02.2025;Bundestagswahl;14713000;5123;5123;1;1;689;475;0;1164;576;6;3;573;4;572;91;87;45;54;83;70;14;32;231;140;87;145;0;2;;7;7;11;;0;;4;0;0;;0;0;0;15;20;;;;;;
23.02.2025;Bundestagswahl;14713000;5129;5129;1;1;712;481;0;1193;622;9;3;619;4;618;85;79;42;77;78;83;5;17;276;158;88;141;3;1;;3;11;11;;0;;4;0;0;;0;5;3;26;41;;;;;;
23.02.2025;Bundestagswahl;14713000;5131;5131;1;1;662;396;0;1058;516;8;0;516;1;515;97;91;22;40;30;34;9;10;261;191;60;92;4;1;;3;11;7;;5;;5;0;1;;0;2;0;20;35;;;;;;
23.02.2025;Bundestagswahl;14713000;5139;5139;1;1;586;413;0;999;486;11;1;485;0;486;60;63;25;53;35;39;15;13;254;186;65;93;1;0;;4;6;3;;1;;8;3;1;;1;0;0;21;21;;;;;;
23.02.2025;Bundestagswahl;14713000;5141;5141;1;1;763;320;0;1083;575;4;3;572;3;572;159;165;55;69;80;78;6;10;197;136;29;53;7;4;;3;4;5;;3;;2;0;0;;1;5;1;30;42;;;;;;
23.02.2025;Bundestagswahl;14713000;5149;5149;1;1;681;307;0;988;508;4;0;508;0;508;133;132;46;55;51;46;6;11;201;139;38;72;4;4;;3;3;2;;0;;5;2;2;;0;1;0;23;37;;;;;;
23.02.2025;Bundestagswahl;14713000;5209;5209;1;1;642;188;0;830;483;2;0;483;1;482;165;156;40;45;77;68;11;13;129;98;20;44;6;4;;7;5;0;;5;;2;0;0;;0;1;1;29;39;;;;;;
23.02.2025;Bundestagswahl;14713000;5211;5211;1;1;757;347;0;1104;593;7;0;593;0;593;140;140;47;62;64;58;10;12;241;165;38;83;6;5;;11;12;6;;2;;9;0;0;;1;3;2;32;37;;;;;;
23.02.2025;Bundestagswahl;14713000;5219;5219;1;1;875;352;0;1227;650;3;5;645;5;645;114;115;39;50;59;60;7;10;324;231;46;106;6;9;;12;8;4;;2;;5;1;0;;0;4;1;37;40;;;;;;
23.02.2025;Bundestagswahl;14713000;5221;5221;1;1;854;236;0;1090;683;2;5;678;3;680;236;237;51;53;94;87;9;13;186;142;24;48;11;6;;12;8;9;;0;;6;0;0;;0;3;2;56;65;;;;;;
23.02.2025;Bundestagswahl;14713000;5231;5231;1;1;657;240;0;897;520;1;3;517;2;518;155;161;49;64;68;64;9;13;162;109;35;58;6;5;;8;3;2;;0;;1;2;1;;0;6;4;22;28;;;;;;
23.02.2025;Bundestagswahl;14713000;5239;5239;1;1;642;242;0;884;506;9;4;502;4;502;139;139;32;41;46;43;4;8;203;148;40;68;6;4;;6;9;3;;3;;4;0;1;;2;5;5;18;27;;;;;;
23.02.2025;Bundestagswahl;14713000;5249;5249;1;1;478;300;0;778;362;1;3;359;3;359;83;86;13;18;45;44;5;9;155;116;31;57;1;1;;2;4;2;;0;;4;0;0;;0;0;0;22;20;;;;;;
23.02.2025;Bundestagswahl;14713000;5259;5259;1;1;819;349;0;1168;594;6;2;592;2;592;126;118;43;50;43;47;4;9;264;187;57;105;12;8;;14;11;10;;0;;10;2;1;;1;0;0;30;32;;;;;;
23.02.2025;Bundestagswahl;14713000;5301;5301;1;1;698;235;0;933;491;0;2;489;3;488;181;181;49;57;104;93;10;17;83;54;18;16;5;5;;8;6;3;;2;;3;0;0;;0;3;3;30;46;;;;;;
23.02.2025;Bundestagswahl;14713000;5309;5309;1;1;332;198;0;530;285;2;3;282;1;284;112;110;14;20;71;69;7;10;43;21;9;21;4;3;;0;2;2;;0;;1;0;0;;0;0;0;20;27;;;;;;
23.02.2025;Bundestagswahl;14713000;5311;5311;1;1;640;267;0;907;540;2;1;539;1;539;158;159;37;42;115;112;10;14;117;84;56;70;10;10;;7;6;2;;0;;4;2;2;;0;0;0;28;33;;;;;;
23.02.2025;Bundestagswahl;14713000;5312;5312;1;1;775;285;0;1060;546;4;4;542;2;544;197;192;47;52;110;104;10;16;105;85;17;20;12;7;;6;4;1;;1;;4;1;2;;0;2;3;37;51;;;;;;
23.02.2025;Bundestagswahl;14713000;5319;5319;1;1;842;226;0;1068;595;0;5;590;8;587;214;216;78;84;105;101;13;15;112;75;8;18;8;8;;11;10;3;;0;;0;0;0;;0;4;3;38;53;;;;;;
23.02.2025;Bundestagswahl;14713000;5329;5329;1;1;774;233;0;1007;578;7;3;575;4;574;227;218;39;39;63;65;10;10;141;113;21;29;12;11;;15;9;8;;0;;6;3;1;;1;2;1;48;57;;;;;;
23.02.2025;Bundestagswahl;14713000;5338;5338;1;1;731;282;0;1013;596;2;1;595;1;595;229;222;39;52;124;129;8;13;99;55;25;37;9;6;;5;3;3;;0;;1;4;1;;0;3;1;52;70;;;;;;
23.02.2025;Bundestagswahl;14713000;5339;5339;1;1;670;326;0;996;529;1;3;526;4;525;204;201;48;42;97;99;11;11;94;68;26;38;14;12;;6;4;5;;1;;4;1;0;;0;0;3;27;35;;;;;;
23.02.2025;Bundestagswahl;14713000;5401;5401;1;1;580;297;0;877;518;7;0;518;0;518;186;183;39;49;134;114;9;22;85;60;17;20;8;7;;4;5;4;;1;;1;1;0;;0;2;3;32;50;;;;;;
23.02.2025;Bundestagswahl;14713000;5408;5408;1;1;592;221;0;813;477;2;3;474;4;473;182;182;28;35;101;98;14;22;77;42;30;40;6;5;;3;3;3;;0;;4;1;1;;0;1;1;31;37;;;;;;
23.02.2025;Bundestagswahl;14713000;5409;5409;1;1;551;263;0;814;453;3;4;449;4;449;139;146;39;42;95;91;15;17;92;68;24;33;13;8;;3;3;3;;3;;4;4;2;;0;0;0;25;29;;;;;;
23.02.2025;Bundestagswahl;14713000;5411;5411;1;1;689;352;0;1041;626;2;5;621;4;622;183;181;55;66;146;148;13;19;105;49;66;83;6;2;;7;3;4;;0;;2;0;0;;0;1;0;43;61;;;;;;
23.02.2025;Bundestagswahl;14713000;5412;5412;1;1;715;299;0;1014;585;1;2;583;4;581;207;210;35;47;130;114;21;31;124;65;19;45;2;4;;5;4;4;;1;;4;2;0;;0;1;2;38;49;;;;;;
23.02.2025;Bundestagswahl;14713000;5509;5509;1;1;359;103;0;462;316;2;3;313;1;315;130;123;25;29;72;68;10;17;44;29;11;16;3;2;;5;2;1;;0;;2;1;2;;0;0;1;15;20;;;;;;
23.02.2025;Bundestagswahl;14713000;5520;5520;1;1;397;176;0;573;349;5;0;349;0;349;133;135;23;27;93;82;11;14;57;45;11;21;5;2;;1;2;1;;0;;1;0;0;;0;1;0;13;20;;;;;;
23.02.2025;Bundestagswahl;14713000;6001;6001;1;1;358;330;0;688;318;1;2;316;2;316;90;90;22;25;57;56;7;12;70;44;40;53;1;3;;4;3;2;;0;;0;1;0;;0;2;1;23;26;;;;;;
23.02.2025;Bundestagswahl;14713000;6009;6009;1;1;972;238;0;1210;626;3;8;618;7;619;249;253;61;71;108;95;10;23;132;96;12;20;2;2;;5;5;3;;1;;0;1;1;;0;0;0;38;49;;;;;;
23.02.2025;Bundestagswahl;14713000;6029;6029;1;1;714;383;0;1097;491;2;2;489;3;488;194;194;53;63;99;95;12;18;75;44;22;25;3;5;;3;2;1;;0;;1;1;1;;0;2;2;26;36;;;;;;
23.02.2025;Bundestagswahl;14713000;6039;6039;1;1;911;225;0;1136;634;1;5;629;5;629;261;262;56;65;95;88;12;18;136;97;15;22;10;6;;13;14;5;;0;;1;2;2;;3;2;0;26;47;;;;;;
23.02.2025;Bundestagswahl;14713000;6109;6109;1;1;897;346;0;1243;666;3;4;662;4;662;246;238;57;69;116;126;9;12;163;108;15;13;2;3;;13;7;4;;1;;3;0;0;;2;1;2;46;68;;;;;;
23.02.2025;Bundestagswahl;14713000;6129;6129;1;1;954;221;0;1175;679;0;9;670;6;673;245;228;69;81;96;96;14;15;149;106;22;26;8;4;;16;11;7;;1;;2;3;2;;2;2;5;51;82;;;;;;
23.02.2025;Bundestagswahl;14713000;6150;6150;1;1;1146;342;0;1488;698;2;8;690;7;691;273;269;68;84;104;104;17;24;151;104;10;20;8;7;;14;6;6;;3;;1;3;2;;1;1;1;49;51;;;;;;
23.02.2025;Bundestagswahl;14713000;6169;6169;1;1;766;146;0;912;560;1;8;552;5;555;183;178;50;51;113;111;7;9;122;83;13;27;7;6;;7;7;7;;2;;1;1;1;;0;0;2;49;70;;;;;;
23.02.2025;Bundestagswahl;14713000;6171;6171;1;1;790;158;0;948;568;2;5;563;4;564;219;218;52;59;107;106;7;13;125;84;11;18;4;7;;14;3;1;;0;;1;2;0;;0;1;1;32;42;;;;;;
23.02.2025;Bundestagswahl;14713000;6209;6209;1;1;933;422;0;1355;540;2;2;538;1;539;213;217;56;59;93;86;3;11;116;83;10;14;12;9;;5;3;3;;0;;5;2;0;;1;0;3;30;43;;;;;;
23.02.2025;Bundestagswahl;14713000;6219;6219;1;1;881;253;0;1134;525;2;2;523;1;524;181;179;55;61;87;95;12;15;138;93;13;21;4;2;;6;4;1;;1;;2;0;0;;2;1;0;28;46;;;;;;
23.02.2025;Bundestagswahl;14713000;6229;6229;1;1;917;248;0;1165;553;0;4;549;4;549;210;205;52;57;86;85;3;4;128;104;8;16;4;2;;7;5;3;;1;;0;1;0;;0;3;3;49;62;;;;;;
23.02.2025;Bundestagswahl;14713000;6239;6239;1;1;770;307;0;1077;536;2;6;530;4;532;184;180;54;62;111;116;14;14;102;69;9;21;11;6;;7;5;2;;2;;2;0;0;;0;2;1;38;50;;;;;;
23.02.2025;Bundestagswahl;14713000;6259;6259;1;1;842;240;0;1082;525;2;3;522;3;522;224;223;34;48;82;77;4;3;125;91;9;13;4;7;;11;9;4;;2;;2;0;0;;1;2;1;29;39;;;;;;
23.02.2025;Bundestagswahl;14713000;6261;6261;1;1;743;194;0;937;533;3;9;524;7;526;207;208;53;58;81;89;7;10;122;76;9;13;5;7;;9;4;3;;1;;2;0;0;;0;0;1;36;49;;;;;;
23.02.2025;Bundestagswahl;14713000;6279;6279;1;1;706;157;0;863;446;3;7;439;7;439;188;176;27;29;51;60;9;11;109;88;16;20;6;2;;7;5;8;;1;;1;3;0;;0;0;0;25;36;;;;;;
23.02.2025;Bundestagswahl;14713000;6289;6289;1;1;802;228;0;1030;482;2;3;479;2;480;210;204;47;50;54;64;3;2;113;88;11;17;2;1;;6;4;4;;1;;0;0;0;;0;0;0;35;43;;;;;;
23.02.2025;Bundestagswahl;14713000;6309;6309;1;1;807;260;0;1067;482;0;6;476;5;477;157;153;52;50;104;106;10;15;105;72;14;16;5;4;;2;1;3;;0;;0;0;0;;1;0;1;28;54;;;;;;
23.02.2025;Bundestagswahl;14713000;6311;6311;1;1;625;424;0;1049;555;4;2;553;3;552;202;200;25;41;142;127;16;25;91;57;20;32;9;7;;4;2;0;;0;;3;0;0;;0;1;1;45;55;;;;;;
23.02.2025;Bundestagswahl;14713000;6312;6312;1;1;666;435;0;1101;577;7;1;576;1;576;200;197;38;47;138;141;17;24;112;70;34;47;6;6;;0;2;1;;2;;5;2;0;;0;1;0;26;36;;;;;;
23.02.2025;Bundestagswahl;14713000;6409;6409;1;1;951;169;0;1120;659;0;2;657;0;659;305;300;43;55;102;108;10;15;121;86;18;17;13;9;;11;10;7;;1;;2;2;1;;0;0;1;33;46;;;;;;
23.02.2025;Bundestagswahl;14713000;6419;6419;1;1;858;217;0;1075;643;2;5;638;7;636;221;222;74;86;116;119;12;12;151;106;12;18;9;7;;5;3;2;;3;;2;2;2;;0;1;0;37;52;;;;;;
23.02.2025;Bundestagswahl;14713000;6429;6429;1;1;828;165;0;993;468;2;3;465;3;465;204;199;35;37;78;74;11;14;86;73;8;9;5;6;;2;6;2;;1;;5;0;0;;0;4;1;28;42;;;;;;
23.02.2025;Bundestagswahl;14713000;6439;6439;1;1;1014;197;0;1211;633;2;8;625;6;627;275;271;54;52;96;92;6;12;131;101;18;23;4;5;;6;7;5;;0;;1;0;0;;0;4;3;30;56;;;;;;
23.02.2025;Bundestagswahl;14713000;6459;6459;1;1;950;275;0;1225;600;0;2;598;2;598;229;236;48;51;88;82;8;9;147;124;10;15;17;11;;13;6;2;;1;;1;0;0;;0;0;0;45;53;;;;;;
23.02.2025;Bundestagswahl;14713000;6461;6461;1;1;817;237;0;1054;601;4;4;597;5;596;230;223;61;67;125;120;8;13;109;76;12;18;10;5;;10;7;5;;0;;5;2;3;;0;1;0;32;51;;;;;;
23.02.2025;Bundestagswahl;14713000;6489;6489;1;1;897;219;0;1116;571;1;6;565;5;566;232;232;34;50;79;72;10;13;113;91;17;22;11;4;;13;14;5;;1;;4;2;0;;0;2;1;51;58;;;;;;
23.02.2025;Bundestagswahl;14713000;6491;6491;1;1;730;319;0;1049;608;3;2;606;3;605;202;202;54;60;137;127;19;27;114;78;29;42;8;7;;5;4;4;;1;;2;2;2;;0;2;2;35;46;;;;;;
23.02.2025;Bundestagswahl;14713000;6492;6492;1;1;757;341;0;1098;620;5;5;615;6;614;242;240;43;61;150;156;10;18;98;59;24;25;8;4;;7;4;2;;0;;0;0;0;;0;2;1;34;41;;;;;;
23.02.2025;Bundestagswahl;14713000;6509;6509;1;1;979;246;0;1225;657;2;5;652;3;654;284;284;77;78;83;92;9;11;128;91;9;20;4;4;;9;6;4;;1;;2;2;1;;0;1;0;49;57;;;;;;
23.02.2025;Bundestagswahl;14713000;6519;6519;1;1;963;197;0;1160;671;1;4;667;6;665;292;294;41;43;116;115;7;9;122;97;12;18;9;9;;7;9;4;;2;;3;1;0;;0;2;1;56;63;;;;;;
23.02.2025;Bundestagswahl;14713000;6539;6539;1;1;931;226;0;1157;562;0;3;559;4;558;263;266;29;38;66;64;9;12;120;75;15;19;10;4;;13;7;5;;0;;3;1;0;;1;0;1;39;57;;;;;;
23.02.2025;Bundestagswahl;14713000;6549;6549;1;1;1064;234;0;1298;614;6;6;608;5;609;303;301;23;37;48;47;5;6;159;121;16;21;8;9;;17;11;9;;0;;2;1;0;;0;3;3;31;36;;;;;;
23.02.2025;Bundestagswahl;14713000;6559;6559;1;1;1065;249;0;1314;620;5;10;610;13;607;249;250;48;50;93;105;7;12;150;109;6;9;10;10;;9;1;3;;0;;2;1;1;;0;1;0;44;47;;;;;;
23.02.2025;Bundestagswahl;14713000;6601;6601;1;1;579;190;0;769;496;0;4;492;5;491;183;180;42;59;103;101;13;16;88;49;22;27;5;3;;5;3;5;;0;;2;1;1;;0;1;1;31;42;;;;;;
23.02.2025;Bundestagswahl;14713000;6602;6602;1;1;618;179;0;797;519;0;3;516;3;516;209;205;39;50;102;100;9;16;88;51;20;26;7;3;;9;8;3;;0;;1;0;1;;0;1;1;33;50;;;;;;
23.02.2025;Bundestagswahl;14713000;7001;7001;1;1;596;378;0;974;499;15;2;497;1;498;59;65;50;38;48;43;9;10;227;212;68;92;2;3;;2;10;4;;0;6;4;;0;0;0;0;0;17;25;1;;0;;;
23.02.2025;Bundestagswahl;14713000;7009;7009;1;1;741;468;0;1209;627;12;3;624;3;624;79;77;65;53;74;63;16;16;261;214;97;147;2;2;;9;5;3;;2;5;4;;2;0;0;1;0;17;32;1;;1;;;
23.02.2025;Bundestagswahl;14713000;7011;7011;1;1;793;478;0;1271;644;7;1;643;3;641;75;73;49;46;46;30;4;7;328;285;93;138;1;1;;7;7;6;;1;6;7;;1;1;0;2;1;31;38;0;;0;;;
23.02.2025;Bundestagswahl;14713000;7019;7019;1;1;747;537;0;1284;622;15;1;621;0;622;79;75;46;34;55;41;6;11;304;273;84;128;3;4;;7;6;5;;0;7;8;;0;0;0;1;0;26;36;2;;2;;;
23.02.2025;Bundestagswahl;14713000;7021;7021;1;1;855;626;0;1481;651;5;4;647;4;647;89;86;75;64;80;76;12;16;246;227;106;125;3;0;;7;5;4;;4;4;4;;0;1;0;0;0;26;34;0;;0;;;
23.02.2025;Bundestagswahl;14713000;7109;7109;1;1;835;388;0;1223;657;5;3;654;4;653;151;153;40;42;70;55;8;13;266;239;70;85;4;2;;6;8;6;;1;4;5;;1;0;0;1;1;31;44;0;;1;;;
23.02.2025;Bundestagswahl;14713000;7118;7118;1;1;846;421;0;1267;705;4;3;702;3;702;111;120;82;78;103;88;7;22;214;186;109;137;9;4;;13;10;3;;2;9;9;;0;0;0;1;2;44;38;2;;1;;;
23.02.2025;Bundestagswahl;14713000;7119;7119;1;1;849;394;0;1243;615;9;1;614;3;612;130;131;66;59;84;69;8;13;211;194;60;77;3;4;;11;9;4;;1;6;7;;0;1;1;1;0;33;41;0;;2;;;
23.02.2025;Bundestagswahl;14713000;7128;7128;1;1;792;375;0;1167;610;11;2;608;2;608;125;125;47;47;76;63;12;17;234;207;64;96;4;2;;4;8;6;;3;5;4;;0;0;0;1;1;29;33;1;;2;;;
23.02.2025;Bundestagswahl;14713000;7129;7129;1;1;812;417;0;1229;585;5;4;581;3;582;127;125;40;32;41;32;9;11;282;270;35;66;4;3;;5;11;5;;2;6;6;;0;0;0;4;3;21;22;0;;1;;;
23.02.2025;Bundestagswahl;14713000;7139;7139;1;1;758;393;0;1151;637;5;0;637;0;637;126;128;74;75;97;78;14;24;186;159;72;109;5;3;;3;14;13;;1;7;3;;2;0;0;2;1;34;38;3;;3;;;
23.02.2025;Bundestagswahl;14713000;7148;7148;1;1;878;426;0;1304;665;9;3;662;2;663;92;93;56;40;40;36;7;13;333;304;78;119;10;6;;8;13;9;;1;4;5;;1;2;0;0;0;27;28;0;;0;;;
23.02.2025;Bundestagswahl;14713000;7149;7149;1;1;713;470;0;1183;603;8;2;601;3;600;101;103;55;39;65;52;11;10;256;228;79;117;5;3;;6;7;4;;2;2;6;;0;0;0;1;1;16;29;1;;2;;;
23.02.2025;Bundestagswahl;14713000;7151;7151;1;1;748;501;0;1249;605;9;2;603;3;602;97;92;50;46;89;77;9;16;216;200;96;113;5;4;;4;7;3;;1;5;5;;3;1;0;1;1;25;37;2;;0;;;
23.02.2025;Bundestagswahl;14713000;7161;7161;1;1;723;536;0;1259;623;17;3;620;4;619;61;57;71;40;73;58;8;23;279;274;81;120;2;0;;5;10;6;;2;10;6;;0;2;2;0;1;21;25;0;;2;;;
23.02.2025;Bundestagswahl;14713000;7169;7169;1;1;700;456;0;1156;577;6;3;574;2;575;86;83;46;27;59;52;12;12;248;242;85;114;3;2;;6;6;3;;1;4;6;;0;4;2;0;0;19;25;1;;1;;;
23.02.2025;Bundestagswahl;14713000;7201;7201;1;1;868;339;0;1207;639;4;4;635;3;636;250;248;56;53;126;99;7;14;111;104;31;41;5;3;;9;6;3;;4;3;7;;0;1;0;2;3;35;48;0;;2;;;
23.02.2025;Bundestagswahl;14713000;7209;7209;1;1;971;334;0;1305;657;2;3;654;3;654;198;200;79;84;123;101;14;21;137;119;34;47;1;2;;5;3;4;;0;6;4;;0;1;0;1;1;57;66;0;;0;;;
23.02.2025;Bundestagswahl;14713000;7219;7219;1;1;931;338;0;1269;682;7;5;677;8;674;248;245;51;47;88;75;11;18;152;140;25;42;12;6;;11;7;5;;2;8;12;;0;1;1;5;4;64;66;2;;3;;;
23.02.2025;Bundestagswahl;14713000;7229;7229;1;1;811;284;0;1095;597;3;11;586;9;588;241;238;63;71;81;65;11;13;99;100;29;35;6;5;;11;17;4;;0;3;4;;2;0;0;2;3;33;37;1;;0;;;
23.02.2025;Bundestagswahl;14713000;7231;7231;1;1;823;375;0;1198;649;8;3;646;5;644;183;189;57;49;85;63;12;18;180;160;64;87;5;3;;10;9;6;;2;8;11;;2;4;2;0;0;36;42;3;;0;;;
23.02.2025;Bundestagswahl;14713000;7300;7300;1;1;746;488;0;1234;641;6;2;639;2;639;181;183;65;65;193;166;25;38;73;72;37;52;9;5;;4;11;5;;1;2;2;;0;0;0;0;0;43;46;0;;0;;;
23.02.2025;Bundestagswahl;14713000;7311;7311;1;1;852;355;0;1207;594;11;4;590;3;591;169;169;52;64;99;75;11;16;142;123;44;60;5;5;;7;9;6;;1;5;5;;0;1;1;2;0;51;59;0;;0;;;
23.02.2025;Bundestagswahl;14713000;7329;7329;1;1;901;413;0;1314;686;3;1;685;2;684;196;193;95;83;137;118;14;21;123;121;42;51;10;9;;6;6;7;;0;3;1;;0;1;1;1;1;54;72;1;;2;;;
23.02.2025;Bundestagswahl;14713000;7339;7339;1;1;822;393;0;1215;579;2;4;575;4;575;184;186;67;54;110;86;7;12;131;132;32;42;6;7;;11;2;4;;0;4;4;;0;1;0;2;1;27;36;2;;0;;;
23.02.2025;Bundestagswahl;14713000;7341;7341;1;1;736;353;0;1089;585;5;1;584;3;582;173;162;78;69;103;85;10;27;119;104;55;77;6;3;;6;8;6;;1;6;9;;0;0;0;1;1;23;32;0;;2;;;
23.02.2025;Bundestagswahl;14713000;7349;7349;1;1;834;327;0;1161;656;6;3;653;3;653;194;194;47;43;103;81;20;25;175;161;51;72;5;5;;8;13;7;;1;3;5;;1;1;0;0;0;40;50;1;;0;;;
23.02.2025;Bundestagswahl;14713000;7351;7351;1;1;816;350;0;1166;635;8;2;633;3;632;151;145;58;48;85;79;10;17;192;185;64;85;10;7;;8;12;9;;0;7;3;;0;1;0;1;1;39;45;1;;2;;;
23.02.2025;Bundestagswahl;14713000;7401;7401;1;1;688;309;0;997;571;4;3;568;3;568;205;211;59;57;174;147;17;22;55;56;16;24;6;5;;5;2;1;;0;3;5;;0;0;2;0;0;31;33;0;;0;;;
23.02.2025;Bundestagswahl;14713000;7402;7402;1;1;699;334;0;1033;523;5;2;521;1;522;181;177;45;44;126;101;10;14;67;74;38;47;6;5;;9;6;3;;2;3;2;;1;0;0;1;1;37;42;1;;0;;;
23.02.2025;Bundestagswahl;14713000;7409;7409;1;1;767;236;0;1003;604;1;7;597;5;599;246;245;66;59;138;106;10;17;56;61;12;16;9;7;;14;3;4;;1;3;4;;1;2;0;0;0;51;64;1;;0;;;
23.02.2025;Bundestagswahl;14713000;7421;7421;1;1;878;189;0;1067;655;4;7;648;6;649;278;275;58;49;123;96;7;11;89;97;23;32;4;1;;11;6;6;;0;7;5;;0;1;2;2;2;47;62;1;;2;;;
23.02.2025;Bundestagswahl;14713000;7429;7429;1;1;788;272;0;1060;628;3;3;625;4;624;251;248;75;87;155;110;14;24;61;59;22;29;5;4;;8;3;2;;2;1;2;;0;1;1;1;3;35;45;0;;1;;;
23.02.2025;Bundestagswahl;14713000;7439;7439;1;1;615;218;0;833;523;1;2;521;3;520;167;169;50;44;173;136;9;24;54;54;24;40;7;5;;6;2;1;;1;3;5;;0;0;0;0;0;30;35;1;;1;;;
23.02.2025;Bundestagswahl;14713000;7441;7441;1;1;748;298;0;1046;639;2;6;633;4;635;223;223;65;62;174;135;7;22;75;79;31;44;8;5;;8;6;6;;1;1;1;;0;2;1;2;1;37;47;0;;2;;;
23.02.2025;Bundestagswahl;14713000;7449;7449;1;1;808;305;0;1113;627;2;5;622;6;621;248;256;60;56;159;122;8;17;60;63;29;30;5;5;;7;6;8;;0;1;1;;0;2;0;1;1;43;55;0;;0;;;
23.02.2025;Bundestagswahl;14713000;7500;7500;1;1;502;183;0;685;432;4;2;430;3;429;186;184;35;34;113;91;8;18;32;44;17;19;10;5;;3;1;2;;1;4;1;;1;0;0;0;1;24;25;0;;0;;;
23.02.2025;Bundestagswahl;14713000;7502;7502;1;1;436;158;0;594;379;3;3;376;1;378;142;152;37;38;115;83;7;14;28;36;9;13;7;4;;4;3;2;;1;2;2;;0;1;0;0;0;24;29;1;;0;;;
23.02.2025;Bundestagswahl;14713000;7511;7511;1;1;738;260;0;998;638;1;5;633;5;633;269;268;64;59;170;138;14;32;56;55;15;20;8;8;;5;2;1;;0;1;1;;0;0;0;0;0;34;46;0;;0;;;
23.02.2025;Bundestagswahl;14713000;7519;7519;1;1;572;279;0;851;472;4;1;471;1;471;159;162;48;52;159;130;14;16;40;44;13;14;4;4;;7;1;1;;0;0;2;;0;1;0;1;1;31;38;0;;0;;;
23.02.2025;Bundestagswahl;14713000;7521;7521;1;1;590;239;0;829;514;4;2;512;3;511;189;182;39;46;158;129;21;29;39;39;27;33;2;3;;0;3;3;;1;3;3;;0;0;0;3;2;28;41;0;;0;;;
23.02.2025;Bundestagswahl;14713000;8009;8009;1;1;667;365;0;1032;510;1;3;507;3;507;181;178;68;61;140;115;13;19;46;60;21;25;3;5;;2;1;2;;0;2;1;;0;0;1;1;0;31;38;0;;0;;;
23.02.2025;Bundestagswahl;14713000;8011;8011;1;1;1024;376;0;1400;663;0;5;658;6;657;271;258;65;56;134;118;12;19;93;89;27;35;5;3;;6;3;2;;2;7;5;;0;1;0;0;1;38;63;2;;0;;;
23.02.2025;Bundestagswahl;14713000;8019;8019;1;1;857;367;0;1224;642;10;7;635;6;636;184;177;57;40;152;113;12;34;121;116;44;65;9;4;;16;11;3;;3;3;5;;0;2;1;1;1;34;58;3;;2;;;
23.02.2025;Bundestagswahl;14713000;8029;8029;1;1;790;772;0;1562;637;6;2;635;1;636;198;198;54;60;144;113;25;38;73;70;71;81;6;8;;4;6;5;;2;16;12;;0;1;0;0;0;39;45;2;;0;;;
23.02.2025;Bundestagswahl;14713000;8049;8049;1;1;860;270;0;1130;584;2;3;581;3;581;183;186;74;65;106;87;6;11;123;136;22;27;4;3;;13;9;5;;0;6;3;;0;2;2;3;1;38;42;2;;3;;;
23.02.2025;Bundestagswahl;14713000;8051;8051;1;1;836;344;0;1180;594;3;6;588;6;588;169;167;73;63;108;94;11;20;133;123;35;52;6;2;;6;9;3;;3;1;1;;2;0;0;1;2;37;50;5;;0;;;
23.02.2025;Bundestagswahl;14713000;8059;8059;1;1;849;296;0;1145;616;3;12;604;10;606;242;254;74;74;136;102;9;11;64;63;12;24;5;7;;7;5;6;;0;1;1;;0;0;0;1;1;52;56;3;;0;;;
23.02.2025;Bundestagswahl;14713000;8069;8069;1;1;834;305;0;1139;583;9;4;579;5;578;213;211;83;51;76;59;11;16;108;119;30;39;4;3;;16;9;6;;0;7;10;;1;2;0;2;2;31;45;2;;1;;;
23.02.2025;Bundestagswahl;14713000;8071;8071;1;1;891;379;0;1270;671;9;6;665;4;667;217;213;67;57;158;141;13;21;93;93;46;60;5;4;;16;12;2;;1;5;5;;1;0;0;1;0;46;53;1;;1;;;
23.02.2025;Bundestagswahl;14713000;8072;8072;1;1;758;350;0;1108;566;10;2;564;1;565;170;176;56;47;74;59;20;24;119;120;35;48;7;3;;10;11;8;;1;14;9;;0;1;0;2;0;54;60;1;;0;;;
23.02.2025;Bundestagswahl;14713000;8101;8101;1;1;644;280;0;924;510;2;0;510;0;510;208;201;54;42;123;105;12;21;48;49;14;22;10;2;;12;2;1;;0;3;1;;0;0;0;1;0;33;54;2;;0;;;
23.02.2025;Bundestagswahl;14713000;8102;8102;1;1;626;245;0;871;481;2;2;479;2;479;172;173;45;40;116;92;14;18;45;50;27;38;9;4;;10;10;6;;3;10;4;;0;0;0;1;2;28;39;2;;0;;;
23.02.2025;Bundestagswahl;14713000;8111;8111;1;1;793;214;0;1007;579;4;5;574;4;575;212;209;57;47;111;92;19;20;89;91;29;44;4;1;;7;8;7;;2;11;3;;1;1;1;0;0;33;50;0;;0;;;
23.02.2025;Bundestagswahl;14713000;8112;8112;1;1;624;201;0;825;502;1;2;500;4;498;166;168;53;39;143;113;13;24;61;63;26;39;8;5;;10;2;2;;1;2;3;;0;1;0;0;0;23;31;2;;0;;;
23.02.2025;Bundestagswahl;14713000;8119;8119;1;1;700;302;0;1002;475;5;10;465;10;465;154;155;53;41;106;93;8;12;66;65;33;44;5;3;;9;7;3;;1;2;2;;0;0;0;1;2;28;35;2;;0;;;
23.02.2025;Bundestagswahl;14713000;8121;8121;1;1;703;258;0;961;468;0;4;464;5;463;181;179;45;37;90;78;9;10;49;59;32;36;6;4;;11;10;0;;2;6;2;;0;1;1;0;0;35;44;0;;0;;;
23.02.2025;Bundestagswahl;14713000;8200;8200;1;1;777;369;0;1146;686;3;4;682;4;682;259;259;76;64;158;133;29;37;59;63;38;51;8;8;;2;6;6;;1;5;2;;0;0;0;0;0;44;56;0;;0;;;
23.02.2025;Bundestagswahl;14713000;8219;8219;1;1;759;319;0;1078;623;7;7;616;5;618;230;226;58;51;173;143;19;27;51;61;35;44;6;8;;2;3;5;;0;1;1;;1;0;0;1;2;38;47;1;;0;;;
23.02.2025;Bundestagswahl;14713000;8229;8229;1;1;806;380;0;1186;674;2;5;669;6;668;270;269;77;74;171;136;21;32;56;62;26;31;6;6;;5;7;3;;0;2;4;;0;0;0;1;2;29;44;2;;1;;;
23.02.2025;Bundestagswahl;14713000;8309;8309;1;1;795;365;0;1160;624;4;2;622;1;623;305;318;43;45;123;105;18;17;39;37;31;39;8;4;;6;3;2;;0;4;5;;0;0;0;1;0;45;45;1;;1;;;
23.02.2025;Bundestagswahl;14713000;8311;8311;1;1;817;260;0;1077;626;7;2;624;2;624;280;276;52;52;155;132;15;23;58;54;15;24;5;4;;10;6;1;;1;4;4;;0;0;0;0;0;32;43;0;;2;;;
23.02.2025;Bundestagswahl;14713000;8319;8319;1;1;749;293;0;1042;574;0;3;571;3;571;272;268;40;30;143;116;18;30;43;47;14;18;4;6;;6;2;0;;0;5;3;;1;1;1;0;0;28;45;1;;0;;;
23.02.2025;Bundestagswahl;14713000;8321;8321;1;1;673;290;0;963;530;5;0;530;0;530;215;222;53;52;121;89;14;18;52;61;20;29;6;7;;4;5;3;;0;9;9;;1;0;0;0;0;33;35;2;;0;;;
23.02.2025;Bundestagswahl;14713000;8329;8329;1;1;808;290;0;1098;657;1;3;654;3;654;284;281;53;62;161;125;18;28;49;53;23;28;9;6;;10;9;6;;2;8;3;;1;1;1;1;0;37;48;1;;0;;;
23.02.2025;Bundestagswahl;14713000;9000;9000;1;1;693;408;0;1101;584;5;6;578;6;578;109;117;69;57;90;78;10;11;185;165;62;86;4;2;;7;6;4;;0;7;4;;1;1;0;1;1;29;45;1;;4;;;
23.02.2025;Bundestagswahl;14713000;9011;9011;1;1;670;300;0;970;495;3;1;494;1;494;110;111;68;60;86;67;12;17;123;122;48;67;13;8;;3;2;2;;0;6;4;;1;2;0;1;0;22;32;0;;1;;;
23.02.2025;Bundestagswahl;14713000;9019;9019;1;1;729;403;0;1132;568;8;3;565;3;565;122;125;56;46;110;77;17;25;140;150;67;87;4;3;;4;7;4;;0;5;5;;0;2;0;0;0;33;39;1;;1;;;
23.02.2025;Bundestagswahl;14713000;9021;9021;1;1;679;484;0;1163;502;6;3;499;4;498;88;85;69;59;98;84;13;20;125;124;63;77;0;1;;4;5;3;;0;9;6;;0;0;0;1;1;26;34;2;;0;;;
23.02.2025;Bundestagswahl;14713000;9029;9029;1;1;730;461;0;1191;588;5;4;584;6;582;142;140;88;66;129;102;20;38;93;102;54;70;5;2;;10;6;4;;0;8;8;;2;1;0;1;0;35;38;2;;0;;;
23.02.2025;Bundestagswahl;14713000;9039;9039;1;1;797;375;0;1172;669;8;6;663;4;665;161;159;110;87;142;119;20;35;116;129;46;65;7;5;;5;9;5;;0;9;6;;0;1;1;3;1;35;48;3;;1;;;
23.02.2025;Bundestagswahl;14713000;9041;9041;1;1;757;407;0;1164;592;5;4;588;4;588;117;125;100;72;89;69;8;20;121;138;90;99;7;4;;9;9;5;;2;9;8;;0;0;0;2;1;28;36;4;;4;;;
23.02.2025;Bundestagswahl;14713000;9049;9049;1;1;626;508;0;1134;516;6;1;515;0;516;106;116;74;59;125;94;11;22;81;71;64;97;10;3;;4;2;3;;0;9;6;;1;0;0;0;1;31;39;2;;0;;;
23.02.2025;Bundestagswahl;14713000;9059;9059;1;1;726;391;0;1117;550;5;4;546;3;547;129;130;83;53;95;80;10;14;118;120;50;74;4;4;;9;8;3;;4;9;13;;2;0;1;1;0;37;40;1;;1;;;
23.02.2025;Bundestagswahl;14713000;9069;9069;1;1;659;448;0;1107;573;7;0;573;2;571;103;108;81;58;134;104;18;37;107;112;76;96;1;2;;4;10;3;;0;5;1;;0;0;0;0;0;36;46;1;;1;;;
23.02.2025;Bundestagswahl;14713000;9079;9079;1;1;685;519;0;1204;576;6;1;575;1;575;119;126;84;68;143;111;16;30;93;85;77;103;2;2;;6;3;5;;0;4;6;;0;0;0;2;1;31;32;1;;0;;;
23.02.2025;Bundestagswahl;14713000;9081;9081;1;1;659;528;0;1187;566;2;4;562;4;562;99;100;95;82;139;108;24;43;78;77;78;96;4;2;;2;3;1;;0;3;9;;1;0;0;0;0;36;41;3;;0;;;
23.02.2025;Bundestagswahl;14713000;9108;9108;1;1;719;444;0;1163;626;5;4;622;5;621;128;129;102;85;157;138;21;30;92;89;72;93;8;5;;3;1;4;;1;4;4;;1;1;1;0;1;33;37;3;;0;;;
23.02.2025;Bundestagswahl;14713000;9109;9109;1;1;749;342;0;1091;622;5;3;619;2;620;144;151;75;65;129;96;14;25;114;112;69;92;9;4;;5;7;6;;3;11;7;;0;2;1;6;4;35;49;2;;2;;;
23.02.2025;Bundestagswahl;14713000;9111;9111;1;1;701;371;0;1072;538;4;6;532;8;530;97;96;78;61;108;84;19;21;128;124;40;71;9;11;;4;6;3;;2;9;6;;0;1;1;3;4;34;42;0;;0;;;
23.02.2025;Bundestagswahl;14713000;9129;9129;1;1;735;425;0;1160;607;4;3;604;3;604;143;141;77;59;114;92;19;20;132;137;58;77;9;8;;8;7;7;;0;10;5;;0;1;0;0;0;30;50;4;;0;;;
23.02.2025;Bundestagswahl;14713000;9139;9139;1;1;896;300;0;1196;723;6;2;721;1;722;178;178;104;88;169;140;18;26;120;123;46;60;9;8;;13;8;8;;0;5;5;;0;1;1;0;0;59;72;3;;1;;;
23.02.2025;Bundestagswahl;14713000;9141;9141;1;1;677;391;0;1068;529;6;2;527;2;527;128;131;66;68;115;96;12;22;107;102;47;53;5;2;;12;6;0;;1;5;2;;0;0;0;1;1;32;37;2;;1;;;
23.02.2025;Bundestagswahl;14713000;9149;9149;1;1;669;378;0;1047;518;1;2;516;1;517;143;142;74;60;81;77;17;22;93;103;41;41;7;8;;4;5;3;;1;9;6;;0;0;0;1;0;43;50;2;;0;;;
23.02.2025;Bundestagswahl;14713000;9151;9151;1;1;768;401;0;1169;703;7;3;700;3;700;136;144;120;96;164;133;16;26;115;115;66;103;6;10;;5;6;3;;1;5;4;;0;0;1;2;2;44;57;18;;2;;;
23.02.2025;Bundestagswahl;14713000;9161;9161;1;1;682;351;0;1033;536;6;2;534;2;534;104;101;82;63;102;75;14;24;114;131;70;86;4;3;;8;8;2;;2;5;4;;0;1;0;2;1;27;34;0;;1;;;
23.02.2025;Bundestagswahl;14713000;9162;9162;1;1;756;404;0;1160;662;11;3;659;2;660;117;121;83;65;154;116;18;29;148;150;78;106;2;4;;7;9;5;;0;4;6;;1;2;1;5;2;34;47;2;;3;;;
23.02.2025;Bundestagswahl;14713000;9171;9171;1;1;730;374;0;1104;622;4;7;615;6;616;113;114;87;69;118;96;17;34;127;136;80;100;7;4;;5;7;8;;0;11;5;;0;1;0;2;1;42;44;2;;1;;;
23.02.2025;Bundestagswahl;14713000;9179;9179;1;1;834;475;0;1309;711;7;1;710;1;710;132;134;79;73;134;106;21;35;176;143;100;137;5;3;;7;14;7;;0;5;4;;1;1;0;0;0;40;60;3;;0;;;
23.02.2025;Bundestagswahl;14713000;9209;9209;1;1;864;229;0;1093;587;1;2;585;4;583;227;231;63;46;95;71;16;22;87;96;16;22;8;9;;17;9;5;;0;6;5;;1;0;1;3;1;47;56;6;;2;;;
23.02.2025;Bundestagswahl;14713000;9211;9211;1;1;911;284;0;1195;700;3;1;699;1;699;226;223;98;83;139;109;11;16;118;116;30;52;7;9;;5;4;5;;1;3;6;;1;1;0;2;4;54;69;6;;0;;;
23.02.2025;Bundestagswahl;14713000;9219;9219;1;1;842;485;0;1327;532;3;4;528;5;527;156;154;52;47;124;103;10;22;83;78;31;48;7;4;;4;5;4;;0;5;2;;1;0;0;2;2;49;58;2;;2;;;
23.02.2025;Bundestagswahl;14713000;9221;9221;1;1;900;336;0;1236;684;2;0;684;2;682;220;228;93;81;126;98;14;21;99;99;25;37;17;9;;7;8;9;;0;5;8;;0;5;5;0;1;61;79;8;;3;;;
23.02.2025;Bundestagswahl;14713000;9229;9229;1;1;722;324;0;1046;539;1;3;536;4;535;151;148;80;66;121;99;7;25;76;76;30;48;5;2;;12;12;5;;1;6;6;;0;0;0;0;0;41;47;7;;0;;;
23.02.2025;Bundestagswahl;14713000;9239;9239;1;1;879;392;0;1271;695;8;5;690;4;691;247;240;99;80;132;112;8;14;100;115;28;37;8;8;;9;5;7;;1;6;8;;0;1;0;0;1;53;59;1;;2;;;
23.02.2025;Bundestagswahl;14713000;9300;9300;1;1;646;321;0;967;483;7;2;481;3;480;203;204;58;46;92;77;9;6;51;55;19;31;2;3;;8;5;2;;0;2;1;;1;1;1;1;1;38;44;0;;0;;;
23.02.2025;Bundestagswahl;14713000;9318;9318;1;1;695;347;0;1042;520;3;5;515;6;514;161;166;51;46;113;90;13;14;94;91;37;48;1;1;;3;7;6;;1;2;2;;2;2;0;0;0;31;44;3;;0;;;
23.02.2025;Bundestagswahl;14713000;9319;9319;1;1;599;317;0;916;446;3;3;443;2;444;115;114;45;32;129;104;9;24;62;65;32;48;6;6;;7;3;6;;2;3;3;;0;0;1;1;1;31;31;5;;2;;;
23.02.2025;Bundestagswahl;14713000;9321;9321;1;1;878;361;0;1239;638;4;3;635;7;631;179;180;74;71;144;121;10;15;115;107;42;56;9;7;;10;10;7;;1;7;4;;0;0;0;1;1;42;51;2;;0;;;
23.02.2025;Bundestagswahl;14713000;9329;9329;1;1;715;282;0;997;486;1;2;484;3;483;179;171;50;51;91;70;14;14;71;85;32;35;3;2;;3;7;5;;1;6;5;;0;0;0;0;0;31;41;0;;0;;;
23.02.2025;Bundestagswahl;14713000;9339;9339;1;1;810;396;0;1206;588;6;1;587;1;587;168;166;65;58;104;78;16;18;134;131;38;59;9;6;;8;6;5;;1;4;2;;1;2;1;0;0;39;53;1;;1;;;
23.02.2025;Bundestagswahl;14713000;9341;9341;1;1;797;420;0;1217;653;6;3;650;2;651;146;144;93;76;131;98;11;20;122;133;66;79;10;10;;10;10;3;;1;9;5;;2;2;2;1;2;47;66;2;;0;;;
23.02.2025;Bundestagswahl;14713000;9349;9349;1;1;891;342;0;1233;665;7;2;663;2;663;190;189;77;66;118;86;14;16;143;155;50;64;9;11;;16;13;4;;1;7;5;;0;0;0;2;3;37;47;3;;0;;;
23.02.2025;Bundestagswahl;14713000;9359;9359;1;1;928;327;0;1255;676;5;6;670;5;671;223;224;58;48;114;106;10;21;127;123;52;61;11;7;;6;9;7;;4;7;8;;1;5;5;1;0;48;50;2;;3;;;
23.02.2025;Bundestagswahl;14713000;9361;9361;1;1;737;365;0;1102;590;4;3;587;5;585;180;183;63;58;112;90;11;16;116;113;34;46;7;8;;10;7;8;;0;6;4;;1;2;1;0;2;42;45;5;;2;;;
23.02.2025;Bundestagswahl;14713000;9400;9400;1;1;528;157;0;685;437;3;2;435;2;435;191;192;30;34;114;98;11;17;29;34;11;15;6;6;;4;4;2;;0;6;3;;0;2;0;0;0;31;30;0;;0;;;
23.02.2025;Bundestagswahl;14713000;9402;9402;1;1;503;160;0;663;401;4;3;398;2;399;159;156;32;34;122;98;5;12;30;29;15;25;3;2;;7;3;0;;2;3;1;;0;1;0;0;0;23;33;2;;0;;;
23.02.2025;Bundestagswahl;14713000;9419;9419;1;1;583;168;0;751;501;1;2;499;1;500;203;201;36;33;122;98;16;25;43;48;23;28;5;5;;6;2;1;;1;4;2;;0;0;0;1;0;44;52;0;;0;;;
23.02.2025;Bundestagswahl;14713000;9509;9509;1;1;752;394;0;1146;622;4;7;615;5;617;239;240;47;55;185;131;15;28;48;61;24;33;10;5;;10;3;3;;3;4;2;;0;0;0;3;0;34;46;2;;1;;;
23.02.2025;Bundestagswahl;14713000;9511;9511;1;1;799;444;0;1243;652;2;4;648;5;647;259;254;61;57;172;137;18;29;56;59;24;34;4;3;;6;4;2;;1;4;6;;2;2;0;1;1;41;56;2;;0;;;
23.02.2025;Bundestagswahl;14713000;9519;9519;1;1;840;423;0;1263;616;0;4;612;3;613;214;217;68;70;187;132;11;31;53;67;29;41;10;9;;3;4;4;;0;4;4;;0;0;1;0;1;27;33;4;;1;;;
23.02.2025;Bundestagswahl;14713000;9521;9521;1;1;734;442;0;1176;623;3;2;621;2;621;234;243;50;44;194;151;15;23;42;51;31;49;5;4;;5;5;2;;0;4;1;;0;0;0;3;1;38;47;0;;0;;;
23.02.2025;Bundestagswahl;14713000;9529;9529;1;1;828;387;0;1215;662;5;2;660;2;660;264;256;53;46;177;146;9;23;55;69;24;37;9;6;;4;8;4;;0;4;3;;0;3;0;4;4;49;62;0;;1;;;
23.02.2025;Bundestagswahl;14713000;9531;9531;1;1;780;403;0;1183;655;2;5;650;5;650;264;260;47;42;167;141;17;27;56;64;34;37;7;6;;6;1;1;;0;1;1;;1;2;0;4;2;47;62;2;;1;;;
23.02.2025;Bundestagswahl;14713000;0005;0005;1;1;;;;;465;465;2;463;1;464;53;57;34;41;118;118;13;24;135;82;66;81;3;3;;2;4;3;;1;;13;1;1;;1;1;1;35;36;;;;;;
23.02.2025;Bundestagswahl;14713000;0105;0105;1;1;;;;;411;411;1;410;0;411;30;32;50;63;82;89;15;17;146;98;53;71;5;2;;4;4;5;;0;;7;0;0;;0;0;0;25;23;;;;;;
23.02.2025;Bundestagswahl;14713000;0115;0115;1;1;;;;;830;830;4;826;4;826;81;79;100;125;169;170;32;49;282;159;102;157;10;8;;6;8;5;;0;;13;0;1;;1;1;1;41;52;;;;;;
23.02.2025;Bundestagswahl;14713000;0125;0125;1;1;;;;;507;507;1;506;1;506;34;34;43;64;90;86;16;21;207;123;83;127;5;5;;2;4;3;;0;;6;1;1;;0;1;2;22;32;;;;;;
23.02.2025;Bundestagswahl;14713000;0205;0205;1;1;;;;;892;892;3;889;3;889;61;61;82;99;144;140;21;30;398;255;126;214;7;4;;4;11;9;;0;;17;5;2;;1;1;1;33;52;;;;;;
23.02.2025;Bundestagswahl;14713000;0215;0215;1;1;;;;;505;505;2;503;1;504;44;43;54;56;72;69;13;28;197;125;87;127;5;3;;3;5;4;;0;;6;2;2;;0;0;0;24;38;;;;;;
23.02.2025;Bundestagswahl;14713000;0225;0225;1;1;;;;;602;602;1;601;0;602;55;55;65;68;117;111;19;29;215;145;97;134;5;6;;6;3;3;;1;;15;2;1;;0;3;3;20;25;;;;;;
23.02.2025;Bundestagswahl;14713000;0235;0235;1;1;;;;;722;722;1;721;0;722;50;57;70;94;102;87;14;21;331;209;88;155;5;5;;8;13;8;;1;;9;1;1;;0;1;2;46;65;;;;;;
23.02.2025;Bundestagswahl;14713000;0245;0245;1;1;;;;;846;846;2;844;0;846;75;77;93;134;91;92;14;23;410;283;98;149;14;10;;8;10;5;;3;;15;3;2;;0;1;0;35;45;;;;;;
23.02.2025;Bundestagswahl;14713000;0305;0305;1;1;;;;;973;973;0;973;0;973;62;66;84;135;206;187;24;41;360;219;169;217;9;9;;4;6;8;;0;;19;4;2;;2;0;1;49;63;;;;;;
23.02.2025;Bundestagswahl;14713000;0315;0315;1;1;;;;;560;560;2;558;2;558;34;33;48;73;73;74;12;18;246;142;114;177;2;2;;4;5;3;;0;;3;0;0;;0;2;0;22;29;;;;;;
23.02.2025;Bundestagswahl;14713000;0325;0325;1;1;;;;;908;908;3;905;4;904;59;55;81;124;135;144;29;44;409;235;149;220;3;5;;9;4;3;;1;;7;5;3;;1;2;1;29;52;;;;;;
23.02.2025;Bundestagswahl;14713000;0335;0335;1;1;;;;;512;512;2;510;2;510;40;45;64;85;137;141;12;15;134;73;84;92;1;1;;7;7;3;;0;;7;0;0;;0;1;1;30;40;;;;;;
23.02.2025;Bundestagswahl;14713000;0345;0345;1;1;;;;;983;983;5;978;3;980;59;68;95;137;168;171;21;29;415;256;152;230;9;5;;7;10;9;;1;;5;2;2;;1;1;1;46;58;;;;;;
23.02.2025;Bundestagswahl;14713000;0355;0355;1;1;;;;;524;524;1;523;0;524;40;41;49;76;57;55;5;14;245;144;95;142;5;4;;5;6;10;;0;;5;2;2;;0;0;1;19;25;;;;;;
23.02.2025;Bundestagswahl;14713000;0405;0405;1;1;;;;;1024;1024;1;1023;0;1024;50;50;107;132;229;224;29;41;347;200;219;299;8;9;;3;8;5;;3;;16;0;4;;1;2;1;24;36;;;;;;
23.02.2025;Bundestagswahl;14713000;0415;0415;1;1;;;;;673;673;1;672;0;673;59;57;58;86;138;133;18;26;237;137;109;148;8;5;;15;4;1;;0;;9;2;0;;0;0;0;39;56;;;;;;
23.02.2025;Bundestagswahl;14713000;0425;0425;1;1;;;;;530;530;0;530;0;530;55;52;57;77;103;99;6;17;188;117;99;141;3;3;;2;5;1;;0;;6;0;0;;0;0;0;14;15;;;;;;
23.02.2025;Bundestagswahl;14713000;0435;0435;1;1;;;;;1059;1059;5;1054;4;1055;87;84;85;138;157;166;36;39;409;249;211;282;6;4;;9;12;6;;1;;14;1;0;;0;1;1;49;62;;;;;;
23.02.2025;Bundestagswahl;14713000;0505;0505;1;1;;;;;854;854;1;853;0;854;64;67;80;120;170;154;26;43;280;157;192;238;5;6;;7;6;6;;0;;15;7;3;;0;2;1;21;37;;;;;;
23.02.2025;Bundestagswahl;14713000;0515;0515;1;1;;;;;853;853;5;848;4;849;56;59;88;118;141;136;27;40;305;178;190;260;6;2;;4;6;2;;0;;14;1;0;;0;3;1;25;35;;;;;;
23.02.2025;Bundestagswahl;14713000;0525;0525;1;1;;;;;1003;1003;0;1003;0;1003;61;63;116;153;227;216;27;51;274;158;243;279;8;7;;6;10;7;;1;;17;0;0;;0;2;3;35;42;;;;;;
23.02.2025;Bundestagswahl;14713000;0535;0535;1;1;;;;;693;693;0;693;0;693;46;49;73;90;204;195;22;36;156;94;156;179;4;2;;2;4;4;;2;;9;1;0;;0;2;0;25;31;;;;;;
23.02.2025;Bundestagswahl;14713000;0605;0605;1;1;;;;;813;813;2;811;2;811;78;79;114;114;148;152;29;32;265;193;105;138;9;7;;6;12;6;;1;;22;2;0;;0;0;1;49;60;;;;;;
23.02.2025;Bundestagswahl;14713000;0615;0615;1;1;;;;;795;795;5;790;2;793;80;86;67;97;202;190;22;44;221;144;143;162;13;2;;3;8;10;;1;;16;3;1;;0;0;0;31;37;;;;;;
23.02.2025;Bundestagswahl;14713000;0625;0625;1;1;;;;;920;920;0;920;1;919;71;70;102;124;173;176;35;46;324;226;150;174;3;5;;8;18;8;;0;;24;2;1;;0;1;2;41;55;;;;;;
23.02.2025;Bundestagswahl;14713000;1005;1005;1;1;;;;;968;968;8;960;7;961;140;145;125;90;185;169;19;23;289;283;79;116;13;9;;26;20;13;;4;13;13;;1;1;1;0;1;70;67;4;;2;;;
23.02.2025;Bundestagswahl;14713000;1015;1015;1;1;;;;;677;677;1;676;2;675;77;79;114;75;103;79;10;13;228;236;62;100;9;7;;13;11;8;;3;11;7;;1;1;0;0;0;49;54;0;;1;;;
23.02.2025;Bundestagswahl;14713000;1025;1025;1;1;;;;;781;781;8;773;6;775;90;95;101;67;106;88;14;22;302;305;66;102;8;6;;15;17;12;;0;6;4;;3;2;1;1;1;58;54;1;;1;;;
23.02.2025;Bundestagswahl;14713000;1105;1105;1;1;;;;;561;561;1;560;2;559;94;86;91;88;192;160;7;12;72;69;17;39;7;7;;10;6;6;;0;1;1;;0;0;1;0;3;71;77;1;;1;;;
23.02.2025;Bundestagswahl;14713000;1115;1115;1;1;;;;;437;437;9;428;5;432;84;82;89;76;93;72;5;9;68;84;14;21;4;2;;7;4;3;;1;6;3;;1;0;0;2;0;56;71;0;;3;;;
23.02.2025;Bundestagswahl;14713000;1125;1125;1;1;;;;;468;468;7;461;8;460;96;98;77;83;115;91;10;11;76;78;27;26;3;4;;6;7;7;;0;5;7;;0;0;0;0;0;41;49;2;;2;;;
23.02.2025;Bundestagswahl;14713000;1205;1205;1;1;;;;;909;909;4;905;3;906;185;181;126;111;187;151;17;24;206;217;52;80;19;20;;20;20;10;;1;10;6;;2;1;0;3;2;74;81;2;;3;;;
23.02.2025;Bundestagswahl;14713000;1305;1305;1;1;;;;;675;675;1;674;1;674;135;137;80;69;232;199;18;27;94;92;24;50;10;13;;9;15;11;;0;5;4;;3;3;0;1;1;52;59;2;;3;;;
23.02.2025;Bundestagswahl;14713000;1315;1315;1;1;;;;;532;532;0;532;1;531;113;121;66;68;188;159;16;19;54;59;17;24;5;6;;5;9;6;;2;8;5;;1;0;0;0;1;53;55;1;;2;;;
23.02.2025;Bundestagswahl;14713000;1325;1325;1;1;;;;;661;661;3;658;3;658;158;160;96;92;166;136;21;28;85;98;29;35;9;11;;9;20;9;;2;7;6;;0;2;1;2;2;59;69;3;;1;;;
23.02.2025;Bundestagswahl;14713000;1405;1405;1;1;;;;;610;610;0;610;0;610;113;112;73;85;237;186;16;22;69;65;24;50;7;9;;8;12;6;;2;5;4;;2;2;2;1;0;47;57;1;;3;;;
23.02.2025;Bundestagswahl;14713000;1415;1415;1;1;;;;;588;588;1;587;1;587;133;133;86;76;170;152;13;14;72;73;37;50;11;7;;10;7;4;;2;3;2;;0;0;0;0;2;50;62;0;;5;;;
23.02.2025;Bundestagswahl;14713000;1505;1505;1;1;;;;;775;775;2;773;2;773;166;164;102;97;282;233;16;29;59;69;49;58;22;19;;9;6;3;;1;8;10;;0;0;1;1;2;60;78;2;;0;;;
23.02.2025;Bundestagswahl;14713000;2005;2005;1;1;;;;;956;956;2;954;1;955;23;26;101;62;40;28;1;2;650;617;95;183;3;2;;3;11;4;;2;7;4;;0;0;0;0;0;19;22;1;;3;;;
23.02.2025;Bundestagswahl;14713000;2015;2015;1;1;;;;;590;590;1;589;1;589;23;24;66;37;21;15;8;9;390;358;60;117;2;1;;1;2;3;;0;6;9;;1;1;1;0;0;6;13;1;;3;;;
23.02.2025;Bundestagswahl;14713000;2025;2025;1;1;;;;;813;813;3;810;2;811;75;87;99;84;139;124;16;16;319;281;84;132;10;5;;10;12;8;;2;13;15;;1;2;2;0;1;41;43;0;;0;;;
23.02.2025;Bundestagswahl;14713000;2035;2035;1;1;;;;;918;918;0;918;2;916;49;53;97;48;83;55;10;23;474;461;141;201;5;3;;4;11;9;;0;10;15;;3;1;1;1;2;30;38;2;;4;;;
23.02.2025;Bundestagswahl;14713000;2105;2105;1;1;;;;;799;799;2;797;2;797;65;63;101;52;71;50;0;8;450;443;54;115;3;4;;10;15;5;;1;10;12;;0;0;0;0;0;25;34;1;;2;;;
23.02.2025;Bundestagswahl;14713000;2115;2115;1;1;;;;;990;990;4;986;4;986;40;43;113;64;40;29;7;6;628;623;93;161;0;0;;3;21;12;;3;15;11;;1;1;0;0;0;24;30;0;;4;;;
23.02.2025;Bundestagswahl;14713000;2125;2125;1;1;;;;;709;709;3;706;2;707;52;52;70;48;90;75;11;17;370;355;68;109;0;1;;10;10;7;;0;7;5;;2;1;1;2;1;24;24;1;;0;;;
23.02.2025;Bundestagswahl;14713000;2205;2205;1;1;;;;;703;703;1;702;1;702;56;56;101;73;87;66;8;12;285;293;90;132;9;8;;5;22;8;;1;5;10;;0;1;0;2;1;35;37;1;;0;;;
23.02.2025;Bundestagswahl;14713000;2215;2215;1;1;;;;;752;752;1;751;0;752;96;96;111;83;145;107;13;21;222;218;68;111;7;7;;15;12;7;;0;12;13;;3;1;0;1;1;60;70;0;;3;;;
23.02.2025;Bundestagswahl;14713000;2225;2225;1;1;;;;;762;762;3;759;3;759;53;58;110;58;86;72;23;31;302;280;98;176;11;7;;5;16;14;;4;10;7;;1;1;0;3;3;41;43;2;;3;;;
23.02.2025;Bundestagswahl;14713000;2235;2235;1;1;;;;;859;859;2;857;1;858;48;51;112;57;71;56;13;15;429;410;111;190;3;1;;9;15;10;;4;14;9;;0;3;0;1;0;34;46;1;;2;;;
23.02.2025;Bundestagswahl;14713000;2305;2305;1;1;;;;;512;512;2;510;1;511;96;102;93;90;132;108;3;10;86;86;30;44;6;3;;11;13;7;;0;7;6;;0;0;0;3;0;39;44;1;;1;;;
23.02.2025;Bundestagswahl;14713000;2315;2315;1;1;;;;;548;548;0;548;1;547;81;89;74;54;82;67;13;13;182;178;51;74;8;12;;18;10;3;;0;16;10;;1;0;1;1;0;26;27;4;;0;;;
23.02.2025;Bundestagswahl;14713000;2325;2325;1;1;;;;;705;705;6;699;5;700;103;108;101;97;161;120;8;12;149;153;77;119;17;12;;10;12;2;;2;8;4;;0;1;1;2;1;58;59;1;;1;;;
23.02.2025;Bundestagswahl;14713000;2405;2405;1;1;;;;;533;533;5;528;3;530;117;118;75;74;156;119;7;14;62;59;17;31;19;12;;11;8;7;;1;7;5;;0;2;1;2;2;53;76;2;;1;;;
23.02.2025;Bundestagswahl;14713000;2415;2415;1;1;;;;;681;681;3;678;2;679;176;178;95;89;168;134;7;11;98;105;18;25;10;7;;28;12;2;;3;6;3;;1;1;1;1;2;79;90;5;;2;;;
23.02.2025;Bundestagswahl;14713000;2425;2425;1;1;;;;;686;686;2;684;2;684;142;147;97;88;189;140;20;22;94;109;44;64;12;12;;16;17;5;;5;3;4;;1;0;1;2;0;57;70;6;;1;;;
23.02.2025;Bundestagswahl;14713000;2505;2505;1;1;;;;;670;670;4;666;4;666;127;128;91;99;224;193;18;24;81;82;31;38;17;13;;5;7;2;;1;8;7;;4;1;0;1;1;57;69;1;;2;;;
23.02.2025;Bundestagswahl;14713000;2605;2605;1;1;;;;;941;941;1;940;1;940;188;199;126;128;350;293;22;24;95;101;67;84;11;7;;10;7;6;;0;11;10;;1;1;2;1;0;59;75;1;;1;;;
23.02.2025;Bundestagswahl;14713000;2615;2615;1;1;;;;;693;693;4;689;4;689;97;101;83;84;299;255;13;25;73;71;54;74;11;10;;5;4;0;;2;8;3;;0;0;0;2;2;43;57;2;;0;;;
23.02.2025;Bundestagswahl;14713000;2705;2705;1;1;;;;;571;571;0;571;0;571;107;115;50;58;233;166;16;24;50;61;42;65;14;11;;9;4;0;;0;11;12;;1;0;0;2;1;39;48;1;;2;;;
23.02.2025;Bundestagswahl;14713000;2715;2715;1;1;;;;;738;738;5;733;5;733;135;149;78;79;278;230;18;24;83;74;48;75;15;12;;10;8;8;;3;12;12;;1;0;0;1;1;49;55;3;;5;;;
23.02.2025;Bundestagswahl;14713000;2725;2725;1;1;;;;;578;578;0;578;1;577;132;135;82;79;183;153;8;14;47;51;34;51;11;6;;2;5;4;;1;5;6;;0;0;0;3;1;66;74;1;;1;;;
23.02.2025;Bundestagswahl;14713000;2805;2805;1;1;;;;;543;543;1;542;0;543;68;69;63;58;219;174;27;33;55;67;45;78;14;13;;4;2;5;;0;5;2;;0;1;0;1;1;39;39;3;;0;;;
23.02.2025;Bundestagswahl;14713000;2905;2905;1;1;;;;;479;479;2;477;1;478;126;130;31;37;193;151;10;17;44;46;16;23;7;4;;8;4;2;;2;8;8;;0;1;0;0;0;35;50;1;;1;;;
23.02.2025;Bundestagswahl;14713000;3005;3005;1;1;;;;;601;601;3;598;3;598;38;39;44;76;74;72;14;28;320;176;76;162;6;1;;5;11;6;;0;;11;1;0;;1;0;2;14;19;;;;;;
23.02.2025;Bundestagswahl;14713000;3015;3015;1;1;;;;;1154;1154;0;1154;1;1153;49;49;79;100;100;110;16;24;670;462;179;312;9;6;;9;14;11;;1;;24;3;1;;0;3;3;32;41;;;;;;
23.02.2025;Bundestagswahl;14713000;3025;3025;1;1;;;;;596;596;0;596;0;596;30;30;41;67;47;60;8;10;360;245;83;145;8;4;;1;7;7;;1;;6;2;0;;0;0;0;10;20;;;;;;
23.02.2025;Bundestagswahl;14713000;3035;3035;1;1;;;;;1060;1060;2;1058;1;1059;63;63;113;141;100;113;24;24;520;346;170;273;11;11;;16;19;10;;3;;17;6;4;;1;0;0;32;37;;;;;;
23.02.2025;Bundestagswahl;14713000;3045;3045;1;1;;;;;621;621;2;619;0;621;39;35;51;63;70;69;12;12;285;195;118;174;8;6;;6;9;8;;1;;12;1;1;;1;1;0;25;38;;;;;;
23.02.2025;Bundestagswahl;14713000;3055;3055;1;1;;;;;858;858;1;857;1;857;63;60;85;113;75;82;14;18;443;290;102;186;9;12;;20;14;6;;0;;13;1;3;;0;1;1;50;53;;;;;;
23.02.2025;Bundestagswahl;14713000;3065;3065;1;1;;;;;941;941;1;940;1;940;45;50;62;98;89;85;12;19;544;378;143;240;7;5;;8;15;10;;1;;9;2;1;;0;0;0;21;36;;;;;;
23.02.2025;Bundestagswahl;14713000;3075;3075;1;1;;;;;881;881;0;881;0;881;73;73;69;90;85;92;10;14;443;320;120;184;6;5;;16;17;10;;1;;9;2;1;;1;2;0;54;65;;;;;;
23.02.2025;Bundestagswahl;14713000;3105;3105;1;1;;;;;474;474;2;472;1;473;43;40;60;69;77;76;12;17;174;121;69;103;7;3;;7;6;2;;0;;6;0;0;;0;0;0;24;29;;;;;;
23.02.2025;Bundestagswahl;14713000;3115;3115;1;1;;;;;778;778;1;777;1;777;86;84;64;78;94;89;18;24;298;220;132;174;11;9;;15;19;13;;0;;17;1;1;;1;3;1;51;51;;;;;;
23.02.2025;Bundestagswahl;14713000;3125;3125;1;1;;;;;835;835;1;834;1;834;100;97;75;101;169;178;29;30;281;174;121;177;14;12;;7;6;5;;2;;3;2;1;;0;0;0;37;47;;;;;;
23.02.2025;Bundestagswahl;14713000;3135;3135;1;1;;;;;764;764;2;762;2;762;101;101;67;69;116;125;19;16;283;207;100;138;10;8;;15;10;9;;2;;16;3;1;;0;1;0;52;55;;;;;;
23.02.2025;Bundestagswahl;14713000;3145;3145;1;1;;;;;790;790;2;788;2;788;114;118;88;101;175;162;16;19;216;128;96;128;13;15;;16;11;7;;1;;17;2;2;;0;3;2;54;72;;;;;;
23.02.2025;Bundestagswahl;14713000;3155;3155;1;1;;;;;850;850;5;845;6;844;102;105;96;116;177;162;21;31;258;138;104;175;19;16;;8;6;6;;0;;11;0;1;;0;2;3;60;72;;;;;;
23.02.2025;Bundestagswahl;14713000;3205;3205;1;1;;;;;876;876;2;874;1;875;117;125;118;150;257;249;19;19;192;119;87;98;18;14;;10;9;7;;0;;10;4;4;;0;3;2;50;68;;;;;;
23.02.2025;Bundestagswahl;14713000;3215;3215;1;1;;;;;570;570;3;567;1;569;86;90;79;87;185;176;14;20;115;70;41;56;12;10;;3;4;5;;0;;6;0;0;;0;1;1;30;45;;;;;;
23.02.2025;Bundestagswahl;14713000;3305;3305;1;1;;;;;833;833;1;832;1;832;166;168;83;102;232;206;20;23;181;115;65;97;14;14;;11;6;4;;1;;13;1;0;;0;2;3;62;75;;;;;;
23.02.2025;Bundestagswahl;14713000;3405;3405;1;1;;;;;606;606;2;604;2;604;143;142;79;78;159;161;20;24;80;43;45;54;22;19;;7;8;3;;0;;4;0;0;;0;3;1;45;68;;;;;;
23.02.2025;Bundestagswahl;14713000;3415;3415;1;1;;;;;578;578;6;572;3;575;147;140;63;67;169;168;23;28;65;44;42;39;13;13;;5;2;3;;0;;5;0;0;;0;4;5;44;58;;;;;;
23.02.2025;Bundestagswahl;14713000;3505;3505;1;1;;;;;875;875;3;872;1;874;179;177;110;121;230;221;31;38;139;85;91;115;16;14;;8;7;6;;1;;6;2;1;;0;2;1;65;80;;;;;;
23.02.2025;Bundestagswahl;14713000;3515;3515;1;1;;;;;803;803;3;800;2;801;143;147;80;84;272;275;24;31;121;61;77;94;16;12;;7;11;10;;1;;8;0;0;;0;2;1;54;70;;;;;;
23.02.2025;Bundestagswahl;14713000;4005;4005;1;1;;;;;918;918;1;917;1;917;37;39;43;89;91;95;7;20;533;312;165;291;9;9;;8;8;7;;0;;20;4;0;;0;1;2;19;25;;;;;;
23.02.2025;Bundestagswahl;14713000;4015;4015;1;1;;;;;951;951;1;950;3;948;32;33;92;139;93;102;12;20;518;301;156;266;5;5;;6;8;7;;0;;19;3;0;;0;2;3;29;47;;;;;;
23.02.2025;Bundestagswahl;14713000;4025;4025;1;1;;;;;573;573;1;572;0;573;37;36;45;79;72;77;17;18;288;162;89;156;3;3;;4;6;4;;1;;5;0;2;;0;2;1;13;25;;;;;;
23.02.2025;Bundestagswahl;14713000;4035;4035;1;1;;;;;981;981;3;978;3;978;56;57;76;116;90;93;14;26;526;324;174;284;5;4;;7;7;4;;2;;12;0;0;;1;2;2;28;46;;;;;;
23.02.2025;Bundestagswahl;14713000;4045;4045;1;1;;;;;577;577;18;559;18;559;25;24;50;81;42;46;11;16;283;168;120;181;4;3;;4;8;3;;2;;9;1;0;;0;0;0;15;22;;;;;;
23.02.2025;Bundestagswahl;14713000;4055;4055;1;1;;;;;1019;1019;1;1018;1;1018;55;52;92;130;145;150;22;32;496;271;160;294;5;4;;4;8;8;;4;;11;3;0;;0;2;3;30;55;;;;;;
23.02.2025;Bundestagswahl;14713000;4065;4065;1;1;;;;;741;741;2;739;2;739;31;30;49;82;68;71;7;16;436;270;106;202;4;3;;4;5;6;;1;;10;2;0;;0;0;0;31;44;;;;;;
23.02.2025;Bundestagswahl;14713000;4075;4075;1;1;;;;;927;927;3;924;1;926;43;42;56;92;97;118;11;15;503;297;164;279;3;2;;8;11;8;;0;;11;1;0;;0;2;1;33;53;;;;;;
23.02.2025;Bundestagswahl;14713000;4085;4085;1;1;;;;;783;783;1;782;0;783;41;40;53;79;99;93;13;17;398;237;127;232;6;8;;6;7;10;;1;;12;2;0;;0;1;0;35;48;;;;;;
23.02.2025;Bundestagswahl;14713000;4095;4095;1;1;;;;;639;639;2;637;2;637;33;37;72;106;67;66;7;14;310;190;96;150;9;7;;5;6;7;;1;;8;3;0;;0;3;2;31;44;;;;;;
23.02.2025;Bundestagswahl;14713000;4105;4105;1;1;;;;;569;569;3;566;3;566;50;55;50;80;114;116;11;15;244;144;47;99;5;3;;4;5;3;;0;;3;0;0;;0;0;2;40;42;;;;;;
23.02.2025;Bundestagswahl;14713000;4115;4115;1;1;;;;;867;867;4;863;3;864;39;34;62;94;72;75;12;16;509;380;107;185;8;6;;10;15;7;;1;;5;3;2;;0;1;1;35;48;;;;;;
23.02.2025;Bundestagswahl;14713000;4125;4125;1;1;;;;;964;964;5;959;4;960;50;49;85;123;132;128;10;21;506;323;126;233;4;5;;12;12;10;;1;;12;1;0;;0;3;2;30;41;;;;;;
23.02.2025;Bundestagswahl;14713000;4135;4135;1;1;;;;;872;872;2;870;1;871;56;60;76;99;85;93;17;17;496;368;93;156;6;6;;5;13;8;;0;;16;0;0;;0;0;0;28;43;;;;;;
23.02.2025;Bundestagswahl;14713000;4145;4145;1;1;;;;;830;830;0;830;0;830;32;32;56;88;42;49;7;5;569;414;78;174;3;4;;8;16;9;;2;;10;2;0;;0;1;1;24;34;;;;;;
23.02.2025;Bundestagswahl;14713000;4155;4155;1;1;;;;;832;832;0;832;0;832;44;45;50;78;103;98;7;18;476;364;85;145;7;4;;7;13;7;;1;;5;2;2;;0;0;0;45;58;;;;;;
23.02.2025;Bundestagswahl;14713000;4165;4165;1;1;;;;;738;738;1;737;0;738;25;25;60;79;51;50;7;12;468;334;84;166;8;6;;2;8;9;;3;;12;3;1;;1;0;1;23;37;;;;;;
23.02.2025;Bundestagswahl;14713000;4205;4205;1;1;;;;;791;791;4;787;4;787;85;90;119;127;157;153;13;20;252;169;80;124;12;6;;12;16;7;;1;;7;2;1;;0;1;1;50;69;;;;;;
23.02.2025;Bundestagswahl;14713000;4215;4215;1;1;;;;;659;659;2;657;1;658;98;94;80;107;138;152;20;25;209;116;53;87;9;7;;3;6;4;;0;;5;4;2;;0;1;1;39;55;;;;;;
23.02.2025;Bundestagswahl;14713000;4305;4305;1;1;;;;;770;770;2;768;2;768;98;99;87;116;145;151;13;17;259;174;65;98;13;6;;11;14;9;;1;;6;1;1;;1;2;2;71;76;;;;;;
23.02.2025;Bundestagswahl;14713000;4315;4315;1;1;;;;;837;837;2;835;1;836;121;117;107;131;134;127;17;21;305;215;65;114;12;7;;6;6;4;;0;;6;1;3;;0;2;3;65;82;;;;;;
23.02.2025;Bundestagswahl;14713000;4325;4325;1;1;;;;;720;720;1;719;1;719;121;127;96;105;162;147;11;13;182;136;54;67;11;5;;13;15;7;;1;;7;2;1;;0;2;1;63;89;;;;;;
23.02.2025;Bundestagswahl;14713000;4405;4405;1;1;;;;;367;367;2;365;2;365;39;38;45;53;71;73;15;18;112;69;41;54;8;2;;11;10;7;;0;;5;0;0;;0;0;0;24;35;;;;;;
23.02.2025;Bundestagswahl;14713000;4415;4415;1;1;;;;;710;710;2;708;2;708;109;114;64;71;141;136;24;29;205;128;92;122;16;14;;14;7;4;;1;;6;4;1;;1;2;1;44;66;;;;;;
23.02.2025;Bundestagswahl;14713000;5005;5005;1;1;;;;;794;794;1;793;1;793;61;53;53;92;90;88;12;22;369;225;183;259;1;1;;5;5;5;;0;;9;3;3;;0;2;2;14;29;;;;;;
23.02.2025;Bundestagswahl;14713000;5015;5015;1;1;;;;;1097;1097;1;1096;0;1097;59;61;93;130;123;145;14;25;481;287;265;352;7;5;;5;8;6;;2;;16;0;0;;0;1;0;45;63;;;;;;
23.02.2025;Bundestagswahl;14713000;5025;5025;1;1;;;;;821;821;2;819;1;820;40;43;62;89;70;69;6;8;378;231;214;293;8;6;;3;5;6;;4;;19;1;1;;0;2;1;33;47;;;;;;
23.02.2025;Bundestagswahl;14713000;5035;5035;1;1;;;;;786;786;0;786;0;786;61;63;58;86;169;175;10;21;283;184;164;201;4;1;;4;6;5;;0;;6;1;1;;0;1;0;29;39;;;;;;
23.02.2025;Bundestagswahl;14713000;5105;5105;1;1;;;;;835;835;0;835;0;835;52;53;65;101;98;106;15;21;413;258;135;218;9;5;;7;10;10;;2;;13;2;2;;0;1;1;35;38;;;;;;
23.02.2025;Bundestagswahl;14713000;5115;5115;1;1;;;;;889;889;0;889;0;889;48;48;41;76;73;80;15;23;503;360;166;235;7;4;;11;7;7;;0;;11;2;2;;0;2;3;25;29;;;;;;
23.02.2025;Bundestagswahl;14713000;5125;5125;1;1;;;;;934;934;0;934;0;934;57;50;74;112;133;138;21;32;395;232;197;280;8;7;;8;10;9;;1;;14;0;0;;0;2;2;37;49;;;;;;
23.02.2025;Bundestagswahl;14713000;5135;5135;1;1;;;;;908;908;3;905;3;905;47;51;77;115;146;154;20;31;357;198;214;280;9;4;;6;8;7;;2;;14;1;1;;0;1;1;25;41;;;;;;
23.02.2025;Bundestagswahl;14713000;5145;5145;1;1;;;;;975;975;2;973;1;974;81;88;79;97;110;116;17;26;483;343;115;195;13;6;;16;15;8;;1;;12;2;4;;0;3;3;55;59;;;;;;
23.02.2025;Bundestagswahl;14713000;5205;5205;1;1;;;;;1057;1057;5;1052;5;1052;137;145;84;111;104;104;12;13;486;354;143;202;7;5;;16;17;15;;2;;8;2;1;;0;1;5;59;71;;;;;;
23.02.2025;Bundestagswahl;14713000;5215;5215;1;1;;;;;1058;1058;5;1053;3;1055;109;109;81;113;137;141;30;25;458;315;147;211;13;9;;19;19;11;;7;;15;4;1;;0;2;0;53;79;;;;;;
23.02.2025;Bundestagswahl;14713000;5305;5305;1;1;;;;;628;628;2;626;2;626;106;105;78;92;155;157;6;9;137;80;50;64;12;9;;10;13;7;;7;;4;2;4;;0;0;0;67;78;;;;;;
23.02.2025;Bundestagswahl;14713000;5315;5315;1;1;;;;;728;728;1;727;1;727;105;102;103;110;182;184;14;14;178;104;70;95;4;5;;16;10;2;;0;;9;0;0;;0;0;0;61;86;;;;;;
23.02.2025;Bundestagswahl;14713000;5325;5325;1;1;;;;;566;566;1;565;1;565;81;81;63;75;139;137;11;11;148;85;55;85;9;10;;17;15;9;;0;;4;4;1;;0;0;0;40;50;;;;;;
23.02.2025;Bundestagswahl;14713000;5405;5405;1;1;;;;;747;747;1;746;1;746;124;121;76;82;197;194;22;24;182;116;60;91;17;15;;11;5;2;;1;;4;0;0;;1;9;9;54;75;;;;;;
23.02.2025;Bundestagswahl;14713000;5415;5415;1;1;;;;;631;631;1;630;1;630;128;120;77;83;147;161;20;23;129;61;60;88;14;7;;8;5;3;;2;;8;2;1;;2;0;0;48;63;;;;;;
23.02.2025;Bundestagswahl;14713000;5505;5505;1;1;;;;;265;265;0;265;0;265;50;55;15;22;95;93;7;10;43;24;17;23;7;5;;3;3;1;;0;;1;0;0;;0;0;0;28;28;;;;;;
23.02.2025;Bundestagswahl;14713000;6005;6005;1;1;;;;;529;529;1;528;0;529;101;88;56;54;120;122;21;30;137;102;40;61;9;3;;4;4;6;;0;;6;1;1;;0;0;5;39;47;;;;;;
23.02.2025;Bundestagswahl;14713000;6015;6015;1;1;;;;;581;581;2;579;0;581;116;110;74;79;156;150;14;21;125;89;29;35;10;6;;8;6;1;;2;;5;1;2;;0;1;1;47;72;;;;;;
23.02.2025;Bundestagswahl;14713000;6105;6105;1;1;;;;;651;651;0;651;0;651;132;138;65;88;151;142;10;13;178;118;28;36;13;11;;14;9;5;;2;;1;2;1;;1;3;1;60;80;;;;;;
23.02.2025;Bundestagswahl;14713000;6115;6115;1;1;;;;;492;492;4;488;3;489;87;98;58;88;92;89;10;8;151;99;24;25;10;8;;10;10;9;;0;;2;1;0;;1;0;0;45;52;;;;;;
23.02.2025;Bundestagswahl;14713000;6205;6205;1;1;;;;;646;646;1;645;1;645;126;131;92;108;122;132;13;7;183;137;23;25;11;10;;6;4;2;;1;;6;2;0;;0;2;0;67;80;;;;;;
23.02.2025;Bundestagswahl;14713000;6215;6215;1;1;;;;;757;757;3;754;5;752;168;167;96;92;151;163;9;11;209;147;28;44;13;7;;14;9;6;;1;;6;4;2;;1;0;1;67;90;;;;;;
23.02.2025;Bundestagswahl;14713000;6225;6225;1;1;;;;;536;536;2;534;2;534;117;114;67;74;105;108;13;12;156;104;16;29;8;4;;8;7;3;;2;;6;2;1;;0;1;1;42;68;;;;;;
23.02.2025;Bundestagswahl;14713000;6305;6305;1;1;;;;;663;663;3;660;0;663;119;119;60;79;207;205;22;24;136;84;46;61;12;7;;10;4;1;;0;;2;1;1;;0;2;2;51;68;;;;;;
23.02.2025;Bundestagswahl;14713000;6315;6315;1;1;;;;;406;406;0;406;0;406;67;68;42;55;119;124;11;15;107;53;14;32;11;8;;6;3;3;;1;;3;1;1;;0;0;0;31;37;;;;;;
23.02.2025;Bundestagswahl;14713000;6405;6405;1;1;;;;;514;514;5;509;7;507;134;130;50;67;100;101;7;4;130;88;19;21;14;9;;13;6;3;;4;;3;4;3;;0;1;0;44;61;;;;;;
23.02.2025;Bundestagswahl;14713000;6415;6415;1;1;;;;;740;740;8;732;7;733;184;178;76;94;148;143;19;20;152;97;47;66;13;11;;15;11;8;;0;;6;1;0;;0;1;2;80;93;;;;;;
23.02.2025;Bundestagswahl;14713000;6425;6425;1;1;;;;;757;757;2;755;2;755;169;167;81;109;199;188;10;16;171;116;38;48;12;9;;8;5;7;;2;;2;3;1;;0;2;4;65;78;;;;;;
23.02.2025;Bundestagswahl;14713000;6505;6505;1;1;;;;;418;418;0;418;0;418;95;96;52;68;84;87;3;11;127;82;17;23;5;5;;5;7;3;;1;;7;0;0;;0;2;2;26;28;;;;;;
23.02.2025;Bundestagswahl;14713000;6515;6515;1;1;;;;;656;656;2;654;4;652;153;157;73;87;108;108;14;16;212;151;25;35;13;9;;16;12;5;;5;;4;3;1;;1;0;1;41;56;;;;;;
23.02.2025;Bundestagswahl;14713000;6605;6605;1;1;;;;;350;350;2;348;2;348;75;80;37;49;101;95;13;16;69;44;18;24;3;3;;3;6;1;;0;;2;2;0;;0;0;0;24;31;;;;;;
23.02.2025;Bundestagswahl;14713000;7005;7005;1;1;;;;;784;784;1;783;2;782;55;60;95;64;78;57;3;11;325;305;150;222;6;6;;4;14;6;;1;13;9;;0;2;0;0;0;40;37;1;;1;;;
23.02.2025;Bundestagswahl;14713000;7015;7015;1;1;;;;;938;938;0;938;0;938;36;34;128;80;62;51;9;12;485;423;146;259;2;1;;7;17;9;;0;17;10;;0;1;1;0;0;33;51;1;;1;;;
23.02.2025;Bundestagswahl;14713000;7025;7025;1;1;;;;;598;598;2;596;3;595;41;50;85;70;97;76;13;20;206;181;95;147;4;4;;2;11;7;;2;10;6;;0;1;0;31;0;2;30;0;;0;;;
23.02.2025;Bundestagswahl;14713000;7105;7105;1;1;;;;;763;763;0;763;0;763;58;60;69;53;77;62;14;16;343;320;127;182;3;5;;7;18;8;;1;9;10;;0;0;0;3;3;36;36;1;;5;;;
23.02.2025;Bundestagswahl;14713000;7115;7115;1;1;;;;;777;777;1;776;2;775;67;71;105;85;116;95;14;14;262;246;139;175;9;7;;14;16;4;;2;9;13;;1;1;1;0;2;34;45;3;;1;;;
23.02.2025;Bundestagswahl;14713000;7125;7125;1;1;;;;;733;733;5;728;1;732;29;29;84;65;70;58;11;9;378;333;100;168;11;9;;10;9;8;;1;12;13;;2;2;1;1;0;19;26;1;;1;;;
23.02.2025;Bundestagswahl;14713000;7135;7135;1;1;;;;;855;855;0;855;0;855;54;59;104;79;143;119;17;23;317;280;155;219;6;4;;14;11;5;;2;18;17;;1;1;0;1;1;27;32;1;;0;;;
23.02.2025;Bundestagswahl;14713000;7145;7145;1;1;;;;;872;872;3;869;1;871;62;69;96;62;96;68;9;15;396;366;146;222;7;3;;7;10;8;;0;9;10;;0;0;0;0;0;31;41;3;;4;;;
23.02.2025;Bundestagswahl;14713000;7155;7155;1;1;;;;;507;507;4;503;4;503;25;27;73;40;45;29;11;14;217;202;102;154;6;5;;3;5;4;;0;5;7;;0;1;1;0;1;13;16;0;;0;;;
23.02.2025;Bundestagswahl;14713000;7205;7205;1;1;;;;;879;879;2;877;1;878;139;141;119;99;179;157;22;25;210;218;66;83;17;10;;25;23;16;;2;12;10;;0;1;0;7;2;81;90;0;;1;;;
23.02.2025;Bundestagswahl;14713000;7215;7215;1;1;;;;;668;668;1;667;1;667;103;109;98;81;125;114;11;14;201;184;73;103;10;7;;11;4;4;;3;10;4;;0;0;0;1;1;28;32;1;;2;;;
23.02.2025;Bundestagswahl;14713000;7305;7305;1;1;;;;;852;852;1;851;1;851;125;137;120;100;265;228;21;41;129;115;83;109;18;11;;12;9;3;;1;4;10;;1;3;2;2;3;70;78;2;;0;;;
23.02.2025;Bundestagswahl;14713000;7315;7315;1;1;;;;;691;691;6;685;4;687;90;89;114;92;147;128;9;13;172;168;57;86;15;9;;18;12;9;;1;15;7;;1;2;0;0;0;52;66;0;;0;;;
23.02.2025;Bundestagswahl;14713000;7325;7325;1;1;;;;;971;971;1;970;1;970;104;104;152;126;169;144;23;27;295;285;113;159;10;3;;15;17;11;;3;12;10;;1;4;2;1;1;67;79;3;;0;;;
23.02.2025;Bundestagswahl;14713000;7405;7405;1;1;;;;;828;828;4;824;4;824;150;164;128;95;262;216;20;39;113;115;62;87;12;12;;5;5;8;;1;9;5;;0;1;0;3;2;58;75;1;;0;;;
23.02.2025;Bundestagswahl;14713000;7415;7415;1;1;;;;;642;642;8;634;7;635;136;140;83;69;199;161;11;22;64;82;51;59;17;17;;16;5;4;;0;8;5;;1;2;2;0;1;51;56;5;;2;;;
23.02.2025;Bundestagswahl;14713000;7425;7425;1;1;;;;;570;570;3;567;0;570;95;107;85;67;178;148;18;24;76;88;50;72;5;2;;3;6;5;;3;8;7;;0;0;0;2;3;42;41;0;;2;;;
23.02.2025;Bundestagswahl;14713000;7505;7505;1;1;;;;;587;587;2;585;1;586;114;118;75;88;215;193;14;19;55;56;34;38;13;8;;7;9;5;;1;6;2;;2;3;0;2;1;40;48;3;;2;;;
23.02.2025;Bundestagswahl;14713000;7515;7515;1;1;;;;;470;470;2;468;1;469;97;96;60;59;184;158;18;25;30;37;20;31;14;13;;8;7;1;;0;4;3;;0;0;0;3;4;30;34;0;;1;;;
23.02.2025;Bundestagswahl;14713000;8005;8005;1;1;;;;;713;713;1;712;2;711;139;138;135;129;199;158;12;16;86;102;42;53;11;10;;10;9;6;;1;4;6;;0;0;0;1;1;71;81;1;;2;;;
23.02.2025;Bundestagswahl;14713000;8015;8015;1;1;;;;;687;687;2;685;0;687;104;108;96;91;156;122;15;22;132;135;82;105;15;8;;10;13;8;;5;17;10;;0;2;3;1;2;49;58;2;;1;;;
23.02.2025;Bundestagswahl;14713000;8025;8025;1;1;;;;;726;726;2;724;2;724;110;111;97;83;221;214;39;41;71;71;92;107;15;10;;14;9;5;;2;8;8;;2;2;0;2;1;54;55;3;;1;;;
23.02.2025;Bundestagswahl;14713000;8035;8035;1;1;;;;;798;798;3;795;1;797;158;154;129;95;170;144;18;26;154;165;40;67;16;11;;22;13;5;;4;7;5;;2;2;0;5;5;81;92;1;;1;;;
23.02.2025;Bundestagswahl;14713000;8045;8045;1;1;;;;;644;644;3;641;2;642;82;84;95;70;118;90;11;19;156;171;72;104;15;13;;13;16;6;;0;9;8;;0;1;1;0;0;62;63;3;;1;;;
23.02.2025;Bundestagswahl;14713000;8105;8105;1;1;;;;;744;744;3;741;3;741;147;155;93;79;213;172;16;20;113;112;47;73;16;14;;20;6;4;;3;14;7;;0;3;2;3;2;69;78;0;;1;;;
23.02.2025;Bundestagswahl;14713000;8115;8115;1;1;;;;;660;660;1;659;1;659;132;129;97;82;168;137;11;12;89;106;72;91;6;2;;21;10;5;;2;7;7;;4;0;0;3;3;57;58;3;;4;;;
23.02.2025;Bundestagswahl;14713000;8205;8205;1;1;;;;;658;658;2;656;2;656;158;154;87;68;190;162;17;33;67;79;44;67;22;16;;8;4;2;;1;6;2;;0;0;0;0;0;60;64;0;;1;;;
23.02.2025;Bundestagswahl;14713000;8215;8215;1;1;;;;;362;362;1;361;0;362;60;64;55;39;123;110;4;19;39;47;28;36;6;2;;9;6;1;;1;0;0;;0;1;0;1;0;37;34;1;;0;;;
23.02.2025;Bundestagswahl;14713000;8305;8305;1;1;;;;;616;616;1;615;0;616;134;146;64;59;230;192;13;20;45;47;36;44;11;7;;21;9;3;;1;7;5;;3;2;0;0;1;59;67;5;;0;;;
23.02.2025;Bundestagswahl;14713000;8315;8315;1;1;;;;;791;791;4;787;3;788;198;206;91;75;286;241;20;27;53;52;34;52;23;16;;22;8;2;;2;7;6;;1;0;0;4;4;61;82;2;;0;;;
23.02.2025;Bundestagswahl;14713000;9005;9005;1;1;;;;;779;779;3;776;2;777;65;71;135;81;135;110;24;30;189;199;141;191;11;7;;11;15;13;;2;10;4;;1;1;0;0;1;46;56;3;;1;;;
23.02.2025;Bundestagswahl;14713000;9015;9015;1;1;;;;;654;654;2;652;0;654;66;72;97;69;125;94;29;35;163;148;91;135;3;4;;14;8;8;;3;16;12;;2;1;1;1;1;46;56;4;;2;;;
23.02.2025;Bundestagswahl;14713000;9025;9025;1;1;;;;;825;825;1;824;0;825;73;81;156;122;154;137;25;32;193;190;133;171;4;4;;9;10;5;;5;18;11;;2;5;4;0;0;44;52;7;;2;;;
23.02.2025;Bundestagswahl;14713000;9035;9035;1;1;;;;;809;809;0;809;0;809;86;87;162;115;194;177;16;36;123;147;123;141;14;10;;11;13;5;;1;14;14;;1;1;0;2;3;55;61;4;;2;;;
23.02.2025;Bundestagswahl;14713000;9045;9045;1;1;;;;;980;980;3;977;0;980;104;112;194;151;272;217;28;42;147;138;136;211;3;4;;11;10;3;;1;14;14;;0;2;1;0;0;64;75;2;;1;;;
23.02.2025;Bundestagswahl;14713000;9055;9055;1;1;;;;;928;928;1;927;1;927;64;72;171;143;299;244;28;40;115;136;146;186;9;7;;4;12;7;;3;19;13;;0;2;0;0;1;56;71;4;;2;;;
23.02.2025;Bundestagswahl;14713000;9105;9105;1;1;;;;;746;746;2;744;1;745;73;79;98;78;216;193;27;35;117;106;106;133;11;11;;16;13;6;;0;18;21;;2;0;0;1;1;58;64;5;;1;;;
23.02.2025;Bundestagswahl;14713000;9115;9115;1;1;;;;;756;756;2;754;1;755;95;103;110;87;159;121;26;33;167;156;82;123;18;13;;17;11;9;;2;14;13;;2;1;0;0;1;66;75;4;;1;;;
23.02.2025;Bundestagswahl;14713000;9125;9125;1;1;;;;;643;643;4;639;0;643;86;83;89;84;153;146;18;22;136;133;73;82;13;9;;7;6;8;;3;14;11;;0;0;0;1;1;44;54;4;;2;;;
23.02.2025;Bundestagswahl;14713000;9135;9135;1;1;;;;;748;748;4;744;5;743;80;85;146;107;185;166;10;18;132;141;95;134;18;12;;11;7;4;;0;9;10;;1;0;0;1;1;50;53;8;;3;;;
23.02.2025;Bundestagswahl;14713000;9145;9145;1;1;;;;;716;716;2;714;2;714;66;74;118;86;142;108;21;34;149;153;129;159;10;4;;12;9;11;;0;12;13;;0;3;1;1;1;43;58;6;;5;;;
23.02.2025;Bundestagswahl;14713000;9155;9155;1;1;;;;;816;816;3;813;2;814;79;88;151;116;171;150;22;34;182;164;120;165;10;9;;8;13;4;;1;9;11;;4;1;0;1;0;50;60;2;;2;;;
23.02.2025;Bundestagswahl;14713000;9205;9205;1;1;;;;;531;531;3;528;3;528;96;96;80;70;137;125;9;15;75;83;45;51;15;10;;9;6;2;;0;8;7;;0;2;0;1;1;54;59;0;;0;;;
23.02.2025;Bundestagswahl;14713000;9215;9215;1;1;;;;;729;729;1;728;1;728;105;110;155;133;209;179;22;22;88;94;52;75;16;4;;20;12;5;;2;10;9;;1;0;0;1;3;54;71;4;;0;;;
23.02.2025;Bundestagswahl;14713000;9225;9225;1;1;;;;;659;659;2;657;1;658;104;102;111;96;166;148;15;17;102;106;42;57;13;6;;22;14;3;;3;5;6;;1;4;1;6;5;69;85;5;;1;;;
23.02.2025;Bundestagswahl;14713000;9305;9305;1;1;;;;;940;940;6;934;4;936;175;175;147;119;249;234;18;21;144;148;80;112;19;8;;15;18;14;;1;16;15;;1;2;0;3;1;60;72;2;;1;;;
23.02.2025;Bundestagswahl;14713000;9315;9315;1;1;;;;;730;730;3;727;4;726;77;87;149;120;180;152;21;20;124;135;71;99;9;10;;15;15;6;;5;15;11;;0;1;1;2;2;60;63;3;;0;;;
23.02.2025;Bundestagswahl;14713000;9325;9325;1;1;;;;;889;889;7;882;5;884;141;143;121;107;194;153;19;29;184;174;86;119;17;13;;20;20;9;;2;19;25;;1;1;1;0;0;71;88;7;;2;;;
23.02.2025;Bundestagswahl;14713000;9335;9335;1;1;;;;;700;700;2;698;1;699;86;88;100;77;151;125;19;19;144;146;91;119;16;13;;13;14;8;;3;11;13;;1;1;0;1;1;62;73;1;;1;;;
23.02.2025;Bundestagswahl;14713000;9405;9405;1;1;;;;;457;457;4;453;1;456;99;100;54;51;154;137;17;22;38;27;22;35;7;3;;6;9;8;;1;3;5;;2;0;0;0;1;50;58;0;;0;;;
23.02.2025;Bundestagswahl;14713000;9505;9505;1;1;;;;;765;765;6;759;5;760;145;140;106;106;273;217;24;38;62;70;58;83;14;10;;15;9;5;;1;11;11;;2;0;0;1;0;53;62;0;;3;;;
23.02.2025;Bundestagswahl;14713000;9515;9515;1;1;;;;;835;835;1;834;1;834;150;158;109;101;298;256;23;30;87;78;56;89;13;13;;5;14;11;;2;6;9;;1;1;1;3;3;73;77;1;;0;;;
23.02.2025;Bundestagswahl;14713000;9525;9525;1;1;;;;;784;784;3;781;2;782;142;150;106;103;283;224;17;30;66;82;52;69;17;17;;12;11;8;;0;11;4;;1;0;0;0;0;74;82;1;;1;;;
23.02.2025;Bundestagswahl;14713000;B151;B151;1;1;;;;;334;334;2;332;1;333;23;23;34;22;20;18;7;12;167;158;27;51;5;1;;6;8;3;;4;12;6;;0;0;0;1;0;22;29;0;;6;;;
23.02.2025;Bundestagswahl;14713000;B152;B152;1;1;;;;;465;465;4;461;2;463;19;20;34;52;43;53;16;21;259;179;62;93;7;1;;1;5;3;;4;;7;1;0;;2;1;1;14;26;;;;;;
